sid,cng_dispenser_num,cng_fill_type_code,cng_psi,cng_renewable_source,cng_total_compression,cng_total_storage,cng_vehicle_class
17,None,B,3600,None,None,None,MD
45,None,Q,3000,None,30.0,None,LD
64,None,B,3600,None,None,None,HD
73,1.0,Q,3600,None,250.0,57855.0,MD
81,4.0,Q,3000 3600,NONE,850.0,None,MD
84,1.0,Q,3000 3600,None,425.0,None,HD
108,1.0,Q,3000 3600,None,1200.0,None,HD
112,1.0,B,3000 3600,None,525.0,None,MD
124,1.0,Q,3600,None,300.0,None,MD
125,1.0,Q,3600,None,300.0,None,MD
129,1.0,Q,3000,None,300.0,None,MD
130,1.0,Q,3600,None,60.0,None,MD
132,1.0,Q,3000,None,300.0,None,MD
147,1.0,Q,3600,None,720.0,34500.0,MD
215,1.0,Q,3000 3600,None,270.0,None,MD
248,2.0,Q,3600,None,120.0,None,HD
296,2.0,Q,3600,NONE,112.0,None,HD
360,1.0,Q,3000 3600,NONE,300.0,None,HD
372,1.0,Q,3600,None,None,52000.0,HD
408,None,Q,3600,None,70.0,None,LD
413,None,Q,3000,None,25.0,None,LD
415,None,Q,3000,None,25.0,None,LD
416,None,Q,3000,None,25.0,None,LD
418,None,Q,3600,None,1000.0,None,HD
434,2.0,Q,3600,None,None,30000.0,HD
448,1.0,Q,3000 3600,None,200.0,None,MD
453,1.0,Q,3600,NONE,200.0,None,MD
456,1.0,Q,3600,NONE,615.0,None,HD
477,2.0,Q,3000 3600,NONE,100.0,None,HD
523,None,Q,3000,None,30.0,None,HD
528,3.0,Q,3000 3600,NONE,700.0,None,HD
548,1.0,Q,3600,NONE,25.0,None,HD
558,1.0,Q,3600,NONE,150.0,None,HD
569,1.0,Q,3000,NONE,150.0,None,HD
597,None,B,3600,None,None,None,MD
606,None,Q,3600,None,182.0,None,HD
622,2.0,Q,3600,None,634.0,None,MD
633,1.0,Q,3600,NONE,58.0,None,MD
648,1.0,Q,3000 3600,NONE,600.0,None,HD
703,2.0,Q,3000 3600,None,440.0,None,MD
716,None,B,3000 3600,None,25.0,None,MD
717,None,B,3000 3600,None,25.0,None,MD
718,1.0,B,3600,None,70.0,5000.0,MD
719,2.0,Q,3600,None,100.0,32000.0,HD
735,None,T,3000,None,50.0,None,MD
737,None,Q,3000 3600,None,500.0,None,MD
739,None,B,3600,None,250.0,33000.0,MD
740,1.0,B,3600,None,350.0,66000.0,MD
743,1.0,Q,3600,None,100.0,33000.0,MD
748,1.0,B,3600,None,100.0,33000.0,MD
750,None,B,3000,None,50.0,None,MD
752,1.0,Q,3600,None,222.0,55000.0,MD
755,1.0,B,3600,None,400.0,66000.0,MD
756,None,B,3000,None,150.0,None,MD
763,None,B,3000,None,50.0,None,MD
765,1.0,B,3600,None,200.0,33000.0,MD
767,1.0,B,3600,None,100.0,33000.0,MD
768,1.0,B,3600,None,300.0,66000.0,MD
787,1.0,B,3000 3600,NONE,78.0,None,MD
792,1.0,Q,3000 3600,NONE,30.0,None,HD
797,2.0,Q,3000 3600,None,270.0,None,HD
798,1.0,Q,3000 3600,NONE,30.0,None,LD
801,1.0,B,3000 3600,NONE,400.0,None,HD
806,1.0,B,3000 3600,NONE,120.0,None,HD
809,1.0,B,3000 3600,NONE,75.0,None,MD
810,1.0,B,3000 3600,NONE,150.0,None,MD
813,1.0,B,3000 3600,NONE,240.0,None,MD
816,1.0,B,3000 3600,NONE,116.0,None,MD
818,1.0,Q,3000 3600,NONE,300.0,None,HD
826,1.0,B,3000 3600,NONE,50.0,None,MD
828,1.0,Q,3000 3600,NONE,300.0,None,MD
829,1.0,B,3000 3600,NONE,60.0,None,LD
832,1.0,B,3000 3600,NONE,120.0,None,HD
835,1.0,B,3000 3600,NONE,90.0,None,MD
836,1.0,Q,3000 3600,NONE,240.0,None,MD
839,4.0,Q,3600,None,None,0.0,HD
842,1.0,Q,3000 3600,NONE,200.0,None,HD
844,None,T,3600,None,100.0,None,HD
864,2.0,Q,3000 3600,None,25.0,None,HD
868,None,Q,3000,None,50.0,None,MD
873,None,Q,3000,None,50.0,None,MD
897,2.0,Q,3600,NONE,25.0,None,HD
939,1.0,B,3000,None,50.0,None,HD
941,4.0,Q,3600,None,5376.0,33600.0,HD
942,1.0,Q,3600,NONE,700.0,35165.0,LD
944,2.0,Q,3600,None,900.0,None,MD
945,2.0,B,3000 3600,None,50.0,30000.0,HD
951,2.0,Q,3600,NONE,1000.0,40493.0,LD
953,5.0,Q,3600,None,3400.0,50400.0,HD
982,1.0,Q,3000 3600,None,None,None,HD
990,None,Q,3000 3600,None,None,None,HD
995,1.0,Q,3000 3600,NONE,150.0,None,HD
997,2.0,Q,3000 3600,NONE,None,None,HD
1000,2.0,Q,3600,NONE,1050.0,87647.0,HD
1002,1.0,Q,3600,NONE,1000.0,43823.0,MD
1005,None,Q,3000 3600,None,None,None,HD
1006,1.0,Q,3600,NONE,650.0,63937.0,HD
1009,4.0,Q,3000 3600,None,100.0,3200.0,HD
1010,None,Q,3000 3600,None,None,None,HD
1014,1.0,Q,3000 3600,NONE,1300.0,107600.0,HD
1016,2.0,Q,3600,NONE,650.0,87647.0,MD
1017,1.0,Q,3600,NONE,650.0,87647.0,LD
1022,1.0,Q,3000 3600,NONE,350.0,None,HD
1025,1.0,Q,3600,NONE,650.0,63937.0,MD
1034,None,Q,3600,None,250.0,57855.0,HD
1062,None,B,3600,None,None,None,HD
1070,None,B,3600,None,200.0,None,HD
1079,None,Q,3000,None,2500.0,None,HD
1083,1.0,Q,3000 3600,NONE,300.0,None,HD
1108,1.0,Q,3600,None,185.0,None,HD
1110,2.0,Q,3600,None,850.0,593136.0,HD
1130,2.0,Q,3600,None,1200.0,34000.0,HD
1200,None,Q,3600,None,28.0,None,HD
1201,None,Q,3600,None,28.0,None,HD
1202,None,Q,3600,None,28.0,None,HD
1215,2.0,Q,3600,None,185.0,None,HD
1236,None,Q,3000 3600,None,None,None,HD
1251,5.0,Q,3000 3600,NONE,1200.0,None,MD
1252,None,Q,3000,None,8250.0,None,HD
1253,3.0,Q,3600,None,3600.0,45000.0,HD
1264,1.0,Q,3600,None,100.0,33000.0,MD
1332,None,Q,3600,None,1200.0,None,HD
1347,1.0,Q,3000 3600,NONE,300.0,None,HD
1349,1.0,Q,3000 3600,NONE,160.0,None,HD
1350,2.0,Q,3600,NONE,750.0,None,HD
1352,1.0,Q,3600,NONE,1300.0,66000.0,MD
1353,1.0,Q,3600,NONE,150.0,18781.0,LD
1354,1.0,Q,3000 3600,None,400.0,None,MD
1360,None,Q,3600,None,1300.0,None,HD
1361,2.0,Q,3600,NONE,500.0,87647.0,HD
1368,None,B,3600,None,50.0,None,MD
1370,2.0,Q,3600,NONE,925.0,98000.0,HD
1380,2.0,Q,3000 3600,NONE,150.0,None,MD
1388,1.0,Q,3600,NONE,None,None,LD
1389,None,None,None,None,None,None,HD
7031,None,B,3600,None,None,None,HD
7034,None,Q,3600,None,None,None,HD
7037,2.0,Q,3000 3600,None,500.0,None,HD
7041,4.0,Q,3600,NONE,865.0,None,HD
7045,None,Q,3000,None,58.0,None,MD
7088,None,B,3000 3600,None,25.0,None,MD
7108,1.0,Q,3600,None,250.0,33000.0,MD
7119,1.0,Q,3000 3600,None,50.0,None,HD
12767,2.0,Q,3000 3600,NONE,200.0,None,MD
12781,1.0,B,3600,None,50.0,33000.0,MD
12783,1.0,B,3000,None,25.0,18000.0,MD
12784,2.0,Q,3600,None,200.0,48000.0,MD
12786,1.0,Q,3600,None,100.0,33000.0,MD
12787,None,B,3000,None,25.0,18000.0,MD
12788,None,Q,3600,NONE,None,None,HD
12796,None,Q,3600,None,None,None,HD
12799,2.0,Q,3000 3600,None,196.0,60000.0,HD
12803,None,B,3600,None,116.0,None,HD
12804,3.0,Q,3600,None,1400.0,None,HD
12808,None,Q,3000 3600,None,110.0,None,MD
12809,None,T,3000 3600,None,50.0,None,HD
12810,None,B,3000 3600,NONE,264.0,None,HD
12826,1.0,Q,3000 3600,NONE,1000.0,None,MD
12830,None,B,3000 3600,None,None,None,HD
12832,1.0,Q,3000 3600,None,None,None,MD
12839,1.0,Q,3600,NONE,150.0,63937.0,HD
12840,1.0,Q,3000 3600,None,125.0,None,HD
12841,2.0,Q,3600,NONE,None,None,HD
12842,None,T,3600,None,240.0,None,HD
12843,5.0,Q,3600,None,None,21000.0,HD
18888,4.0,Q,3600,NONE,270.0,None,HD
18892,2.0,Q,3000 3600,None,300.0,37000.0,MD
18893,1.0,Q,3000 3600,None,190.0,37000.0,HD
18898,1.0,Q,3000 3600,None,150.0,None,MD
18900,1.0,Q,3600,None,500.0,None,MD
18914,None,Q,3000 3600,None,None,None,HD
18915,None,Q,3000 3600,None,None,None,HD
18916,None,Q,3600,None,None,None,HD
18926,None,Q,3000 3600,None,530.0,None,HD
18943,2.0,Q,3000 3600,None,196.0,30000.0,HD
20888,1.0,Q,3000 3600,NONE,350.0,None,HD
20905,1.0,Q,3600,None,300.0,37000.0,MD
20908,None,Q,3000,None,25.0,None,HD
20912,None,Q,3000 3600,None,None,None,HD
20916,1.0,B,3600,None,75.0,33000.0,MD
20917,1.0,B,3600,None,100.0,33000.0,MD
20918,1.0,B,3600,None,50.0,33000.0,MD
20920,1.0,B,3600,None,100.0,33000.0,MD
20921,1.0,B,3600,None,125.0,33000.0,MD
20922,1.0,Q,3600,None,100.0,33000.0,MD
20923,2.0,Q,3000 3600,None,400.0,None,HD
20931,None,Q,3000,None,600.0,None,HD
20976,1.0,B,3600,None,300.0,None,MD
21435,None,B,3600,None,200.0,None,LD
21660,4.0,Q,3000 3600,None,400.0,None,HD
21975,1.0,Q,3000 3600,NONE,1500.0,None,HD
21985,2.0,B,3600,NONE,1520.0,200000.0,HD
22718,1.0,B,3600,None,350.0,48000.0,MD
22719,1.0,Q,3600,None,25.0,33000.0,MD
22720,1.0,B,3600,None,250.0,33000.0,MD
23203,1.0,Q,3000 3600,None,800.0,None,HD
23206,2.0,Q,3600,None,760.0,31664.0,HD
23208,None,Q,3000 3600,None,None,None,MD
23211,1.0,Q,3600,NONE,400.0,None,HD
23212,2.0,Q,3600,NONE,400.0,None,HD
23213,2.0,Q,3600,NONE,400.0,None,HD
23215,1.0,Q,3600,None,200.0,30000.0,HD
23219,2.0,Q,3000,NONE,120.0,None,HD
23223,None,T,3600,None,None,None,HD
23236,None,Q,3600,None,None,None,HD
23457,None,Q,3000 3600,None,270.0,66000.0,HD
23459,1.0,Q,3600,NONE,25.0,100.0,MD
24846,None,Q,3600,NONE,None,None,HD
25424,None,Q,3000 3600,None,None,None,HD
25425,2.0,Q,3600,None,None,None,HD
25426,2.0,Q,3600,None,116.0,None,HD
25437,4.0,Q,3000 3600,None,2600.0,150000.0,HD
25483,4.0,Q,3000 3600,NONE,None,None,HD
25597,None,Q,3600,None,1100.0,None,HD
25600,2.0,Q,3600,NONE,700.0,43823.0,HD
25601,1.0,Q,3000 3600,None,410.0,None,HD
25673,1.0,Q,3600,None,116.0,108000.0,HD
25763,1.0,Q,3600,NONE,500.0,43823.0,HD
25766,None,Q,3000,None,None,None,HD
25879,None,Q,3000,None,25.0,18000.0,MD
25880,1.0,B,3600,None,25.0,33000.0,MD
25882,None,Q,3600,None,210.0,66000.0,HD
26305,1.0,Q,3000 3600,NONE,1000.0,None,MD
26306,1.0,Q,3000 3600,NONE,175.0,None,MD
26307,1.0,Q,3000 3600,NONE,60.0,None,MD
26308,1.0,Q,3000 3600,NONE,660.0,None,MD
26310,1.0,Q,3000 3600,NONE,450.0,None,LD
26312,1.0,Q,3000 3600,NONE,700.0,None,LD
26314,2.0,Q,3000 3600,NONE,350.0,None,HD
26554,1.0,Q,3000 3600,NONE,None,None,HD
26654,1.0,Q,3000 3600,NONE,None,None,MD
26655,2.0,Q,3000 3600,NONE,500.0,None,MD
26821,4.0,Q,3000 3600,None,1680.0,134.0,HD
26830,None,Q,None,None,None,None,HD
27026,1.0,Q,3600,NONE,2800.0,None,MD
27301,None,T,3600,None,None,None,MD
27653,1.0,Q,3600,NONE,None,None,MD
27971,0.0,Q,3600,NONE,None,None,HD
27973,1.0,Q,3000 3600,None,600.0,None,HD
27975,1.0,Q,3000 3600,None,2000.0,None,MD
27977,1.0,B,3000 3600,None,1400.0,None,HD
27979,2.0,Q,3600,NONE,None,None,HD
27981,2.0,Q,3000 3600,NONE,None,None,HD
28133,1.0,Q,3600,None,741.0,207598.0,HD
28177,2.0,Q,3000,NONE,None,None,HD
28523,2.0,Q,3600,NONE,None,None,HD
28623,None,Q,3000 3600,None,164.0,None,HD
29168,2.0,Q,3000 3600,NONE,None,None,HD
30355,1.0,Q,3600,None,300.0,37000.0,MD
30618,1.0,Q,3000 3600,NONE,350.0,None,MD
30619,1.0,Q,3600,NONE,700.0,None,HD
30622,1.0,Q,3600,None,1000.0,7380.0,HD
30623,2.0,B,3000 3600,None,1890.0,None,HD
30624,None,Q,3000 3600,None,None,None,HD
30626,2.0,Q,3000 3600,NONE,None,None,HD
30628,1.0,B,3000 3600,NONE,None,None,HD
30629,1.0,Q,3000 3600,NONE,None,None,HD
30630,1.0,Q,3000 3600,NONE,450.0,None,HD
30631,None,Q,3600,None,None,None,HD
30832,1.0,Q,3000 3600,NONE,100.0,None,HD
30833,1.0,Q,3000 3600,NONE,5700.0,None,HD
30836,4.0,B,3600,None,None,12357.0,HD
31316,None,Q,3600,None,560.0,36000.0,HD
31317,None,Q,3600,None,800.0,36000.0,HD
31318,None,Q,3600,None,190.0,36000.0,HD
31839,3.0,Q,3600,None,500.0,400.0,HD
32056,None,B,3600,None,None,None,HD
32059,None,B,3600,None,None,None,HD
32062,None,Q,3000,None,None,None,HD
32154,2.0,Q,3600,None,1000.0,None,HD
32422,2.0,Q,3000 3600,NONE,1600.0,None,MD
32513,2.0,Q,3000 3600,None,1950.0,60000.0,HD
32514,None,Q,3000 3600,None,400.0,None,HD
32572,None,B,3000 3600,None,415.0,None,MD
32669,1.0,Q,3600,NONE,None,None,HD
32670,1.0,B,3600,None,250.0,33000.0,MD
32671,1.0,Q,3600,None,180.0,None,HD
32828,4.0,Q,3600,None,None,None,HD
32831,2.0,Q,3600,None,1300.0,74000.0,HD
32837,None,Q,3000,None,None,None,MD
32838,None,Q,3600,None,6600.0,None,MD
32839,None,Q,3000,None,5400.0,None,HD
32840,3.0,Q,3600,None,4400.0,None,HD
33117,None,B,3600,None,None,None,HD
33144,1.0,Q,3600,None,50.0,44.0,HD
33204,1.0,Q,3600,NONE,None,None,HD
33205,2.0,Q,3000,NONE,None,None,HD
33315,None,Q,3000 3600,None,None,None,HD
33316,None,Q,3000 3600,None,None,None,HD
33323,1.0,Q,3000 3600,NONE,None,None,MD
33387,4.0,Q,3600,NONE,610.0,250000.0,HD
33425,4.0,Q,3600,None,370.0,22242.0,HD
33428,2.0,Q,3000 3600,None,None,None,MD
33533,1.0,Q,3000 3600,NONE,900.0,None,HD
33534,None,B,3600,None,None,None,MD
33536,None,Q,3600,None,None,None,MD
33538,None,Q,3000,None,5000.0,None,HD
33650,None,None,None,None,None,None,HD
33716,2.0,Q,3600,NONE,None,None,HD
33898,2.0,Q,3000 3600,NONE,None,None,MD
33899,2.0,Q,3000 3600,NONE,None,None,HD
34206,2.0,Q,3000 3600,None,None,None,HD
34243,None,B,3000 3600,None,None,None,HD
34315,4.0,Q,3600,NONE,700.0,10000.0,HD
34317,None,Q,3600,None,525.0,None,MD
34320,4.0,Q,3600,None,None,None,HD
34364,4.0,Q,3600,None,None,None,MD
34365,2.0,Q,3600,None,None,None,HD
34474,1.0,Q,3600,NONE,1000.0,None,LD
34475,1.0,Q,3000 3600,NONE,726.0,None,HD
34478,2.0,Q,3600,NONE,2600.0,None,HD
34480,None,Q,3600,None,None,None,HD
34831,None,Q,3600,None,None,None,LD
34832,1.0,Q,3600,None,None,None,HD
35055,2.0,Q,3600,None,475.0,None,HD
35056,1.0,Q,3000,NONE,None,None,HD
35058,None,T,3000,None,None,None,LD
35060,None,Q,3600,NONE,None,None,HD
35062,None,B,3600,NONE,None,None,HD
35063,None,Q,3600,NONE,None,None,HD
35064,None,Q,3000 3600,NONE,None,None,HD
35065,None,B,3000,None,None,None,HD
35066,None,Q,3600,None,None,None,HD
35067,2.0,B,3000 3600,None,None,None,MD
35069,2.0,Q,3600,None,None,None,HD
35070,None,Q,3600,None,None,None,HD
35072,None,T,3000,None,None,None,HD
35073,1.0,Q,3600,NONE,None,None,HD
35075,2.0,Q,3600,None,None,None,HD
35077,None,Q,3600,None,None,None,HD
35131,1.0,Q,3000 3600,NONE,None,None,HD
35135,None,Q,3600,None,4000.0,None,HD
35221,None,Q,3600,None,None,None,HD
35222,None,T,3600,None,None,None,HD
35227,None,T,3000,None,None,None,HD
35301,None,Q,3600,None,18.0,None,HD
35304,None,Q,3000 3600,None,None,None,HD
35307,None,None,3000,None,None,None,HD
35309,2.0,Q,3000 3600,None,1000.0,None,HD
35316,2.0,Q,3000 3600,NONE,None,None,MD
35317,2.0,Q,3600,NONE,1200.0,56000.0,HD
35318,1.0,Q,3600,NONE,None,None,MD
35321,None,None,None,None,None,None,HD
35385,2.0,Q,3600,NONE,30.0,None,HD
35418,2.0,Q,3600,None,None,None,HD
35419,4.0,Q,3000 3600,None,None,None,HD
35495,1.0,T,3000,None,None,None,LD
35593,4.0,Q,3600,None,1300.0,None,HD
35597,None,Q,3600,None,None,None,HD
35598,2.0,Q,3600,NONE,308.0,205.0,HD
35656,1.0,Q,3000 3600,NONE,None,None,MD
35685,4.0,Q,3000 3600,NONE,None,None,MD
35699,2.0,Q,3000 3600,None,None,None,HD
35786,1.0,Q,3600,NONE,None,None,MD
35787,2.0,Q,3000 3600,NONE,None,None,HD
35790,None,Q,3600,None,None,None,MD
35791,None,Q,3600,None,None,None,HD
35907,4.0,Q,3000 3600,NONE,None,None,HD
35936,1.0,Q,3000 3600,NONE,None,None,HD
35942,1.0,Q,3600,None,760.0,31664.0,HD
36268,2.0,Q,3600,None,None,None,HD
36289,None,B,3600,NONE,988.0,8649.0,HD
36292,1.0,Q,3000 3600,NONE,None,None,MD
36294,1.0,Q,3600,NONE,2.0,None,HD
36295,1.0,Q,3600,NONE,2.0,None,HD
36296,2.0,Q,3600,NONE,1500.0,100.0,LD
36299,None,Q,3600,None,None,None,MD
36304,2.0,Q,3600,LANDFILL,None,None,HD
36308,None,Q,3000 3600,None,None,None,HD
36309,4.0,Q,3000 3600,NONE,1000.0,None,HD
36310,2.0,Q,3000 3600,NONE,1000.0,None,MD
36311,1.0,Q,3600,None,1200.0,None,HD
36312,2.0,Q,3600,NONE,None,None,HD
36497,1.0,Q,3000,None,None,None,MD
36549,2.0,Q,3600,None,None,None,HD
36561,None,B,3600,None,None,None,HD
36564,None,Q,3600,None,None,None,HD
36568,1.0,Q,3000 3600,None,None,None,HD
36573,None,Q,3600,None,None,None,HD
36578,None,Q,3600,None,None,None,MD
36580,1.0,Q,3000 3600,NONE,726.0,None,HD
36581,1.0,Q,3600,None,62.0,74142.0,HD
36582,1.0,Q,3600,None,190.0,None,MD
36583,None,Q,3600,None,None,None,HD
36584,1.0,Q,3600,None,452.0,None,HD
36586,1.0,Q,3600,None,250.0,69426.0,HD
36587,1.0,Q,3600,NONE,257.0,None,MD
36588,1.0,Q,3600,None,257.0,None,MD
36589,1.0,Q,3600,None,150.0,None,MD
36591,2.0,Q,3600,NONE,500.0,130000.0,HD
36592,2.0,Q,3600,NONE,257.0,None,HD
36593,1.0,Q,3000 3600,None,None,None,MD
36622,1.0,Q,3000 3600,NONE,None,None,MD
36773,2.0,Q,3600,None,None,None,HD
36774,None,B,3600,NONE,None,None,HD
36775,1.0,Q,3600,WASTEWATER,136.0,34105.0,HD
36776,2.0,Q,3600,None,None,None,HD
36777,1.0,Q,3600,None,110.0,None,HD
36778,1.0,Q,3000,NONE,None,None,HD
36779,1.0,Q,3600,None,None,None,MD
37116,None,Q,3000,None,None,None,MD
37120,1.0,Q,3000 3600,NONE,None,None,MD
37121,1.0,Q,3000 3600,NONE,None,None,MD
37124,None,Q,3000,None,None,None,MD
37125,None,Q,3000,None,None,None,MD
37702,None,B,3600,None,None,None,MD
38055,1.0,Q,3600,None,None,None,HD
38058,None,Q,None,None,None,None,HD
38060,1.0,Q,3600,None,634.0,None,HD
38375,None,T,3600,None,None,None,HD
38484,1.0,Q,3600,None,None,None,HD
38486,None,Q,3600,None,400.0,None,MD
38487,1.0,Q,3000 3600,NONE,None,None,HD
38489,None,Q,3000 3600,None,722.0,None,HD
38491,None,None,None,None,None,None,HD
38654,3.0,Q,3600,NONE,500.0,None,HD
39060,2.0,Q,3600,None,None,None,HD
39188,None,T,3600,None,None,None,HD
39191,3.0,Q,3600,NONE,None,None,HD
39193,1.0,Q,3600,None,None,None,HD
39196,1.0,Q,3000 3600,NONE,None,None,HD
39197,None,T,3600,None,None,None,HD
39601,None,T,3600,None,None,None,HD
39655,2.0,B,3600,None,100.0,49311.0,HD
40081,1.0,Q,3600,None,None,None,HD
40319,2.0,Q,3000 3600,NONE,400.0,None,HD
40323,2.0,Q,3000 3600,NONE,None,None,MD
40851,1.0,Q,3600,NONE,None,None,HD
40874,None,B,3600,None,None,None,MD
40876,2.0,B,3600,None,None,None,HD
40878,4.0,Q,3600,None,300.0,40000.0,HD
41169,None,T,3600,None,None,None,HD
41170,None,B,3600,None,None,None,HD
41171,2.0,Q,3600,NONE,None,None,HD
41175,None,Q,3600,None,None,None,HD
41356,2.0,Q,3600,None,300.0,37000.0,HD
41449,3.0,Q,3600,None,275.0,33400.0,HD
41450,3.0,Q,3600,None,275.0,33400.0,HD
41672,1.0,Q,3000 3600,NONE,None,None,MD
41675,1.0,Q,3600,None,None,None,HD
41677,None,T,3600,None,None,None,HD
41678,1.0,Q,3000 3600,NONE,None,None,HD
41679,1.0,Q,3000 3600,None,1076.0,None,MD
41680,2.0,B,3600,LANDFILL,None,None,HD
41685,3.0,Q,3600,None,None,None,HD
41976,None,B,3600,None,None,None,HD
42089,2.0,Q,3600,None,None,None,MD
42090,2.0,Q,3600,NONE,None,None,HD
42091,2.0,Q,3600,LANDFILL,1000.0,None,HD
42092,2.0,B,3000 3600,None,440.0,72000.0,MD
42093,2.0,Q,3600,None,800.0,57500.0,HD
42094,1.0,Q,3600,None,None,None,HD
42309,None,B,3600,None,None,None,HD
42473,1.0,Q,3000 3600,NONE,None,None,HD
42581,None,T,3600,None,None,None,HD
42582,4.0,T,3600,None,None,None,HD
42584,3.0,Q,3600,None,350.0,None,HD
42585,2.0,Q,3000 3600,NONE,None,None,HD
42586,1.0,Q,3600,None,None,None,HD
42590,1.0,Q,3600,NONE,112.0,51000.0,HD
42591,1.0,Q,3600,NONE,257.0,None,HD
42592,2.0,Q,3600,NONE,322.0,None,MD
42593,1.0,Q,3600,None,None,None,MD
42594,1.0,Q,3600,NONE,322.0,None,HD
42595,3.0,Q,3600,None,300.0,None,MD
42600,2.0,Q,3000 3600,NONE,None,None,HD
42607,1.0,B,3000 3600,None,400.0,30000.0,HD
42609,2.0,Q,3600,None,None,None,HD
43071,2.0,Q,3600,None,None,None,HD
43353,2.0,Q,3600,NONE,540.0,66728.0,HD
43525,2.0,Q,3600,None,958.0,36000.0,HD
43625,None,T,3600,None,None,None,HD
43630,2.0,Q,3600,None,None,None,HD
43633,2.0,Q,3600,None,None,None,HD
43651,4.0,B,3000 3600,None,None,None,HD
43670,2.0,Q,3600,None,None,None,HD
43686,2.0,Q,3600,None,None,None,HD
43699,4.0,Q,3600,None,1500.0,None,HD
43705,4.0,Q,3600,None,600.0,60000.0,HD
43708,None,B,3600,None,None,None,HD
43713,2.0,Q,3600,None,None,None,HD
43723,2.0,Q,3600,None,None,None,HD
44134,None,B,3600,None,None,None,HD
44591,3.0,Q,3600,None,1400.0,None,HD
44752,2.0,Q,3600,None,None,None,HD
44772,None,T,3000 3600,None,None,None,HD
44848,4.0,Q,3600,None,1400.0,None,HD
44851,2.0,Q,3600,None,1400.0,None,HD
45412,48.0,B,3600,None,None,None,HD
45572,2.0,Q,3600,None,None,None,HD
46011,1.0,Q,3600,None,450.0,25950.0,MD
46139,1.0,Q,3000,None,None,None,HD
46151,None,Q,3600,None,None,None,LD
46193,1.0,Q,3600,None,None,None,MD
46194,1.0,Q,3600,None,None,None,MD
46195,1.0,Q,3600,None,None,None,HD
46198,1.0,Q,3600,None,None,None,MD
46338,2.0,Q,3600,None,882.0,36000.0,HD
46341,None,Q,3600,NONE,None,None,MD
46342,None,B,3600,None,None,None,HD
46343,None,B,3600,None,None,None,HD
46344,None,Q,3600,None,28.0,None,HD
46345,1.0,Q,3600,None,400.0,None,HD
46346,1.0,Q,3600,None,400.0,None,HD
46975,None,Q,3600,None,None,None,HD
46977,None,Q,3600,None,None,None,HD
47234,2.0,Q,3600,None,None,None,HD
47236,3.0,Q,3600,NONE,None,None,HD
47238,2.0,Q,3600,None,958.0,36000.0,MD
47273,2.0,Q,3600,None,None,None,HD
47276,3.0,Q,3600,LIVESTOCK,1500.0,37500.0,HD
47279,1.0,Q,3600,None,250.0,35952.0,HD
47282,2.0,Q,3600,NONE,None,None,HD
47284,None,T,3600,None,None,None,HD
47287,None,T,3600,NONE,None,None,HD
47288,2.0,Q,3600,LANDFILL,1000.0,None,HD
47291,1.0,Q,3600,None,None,None,HD
47292,1.0,Q,3600,None,None,None,MD
47293,2.0,Q,3600,None,350.0,None,HD
47295,1.0,Q,3600,None,116.0,60000.0,HD
47301,4.0,Q,3600,None,None,None,HD
47302,1.0,Q,3600,NONE,None,1000.0,LD
47463,2.0,Q,3600,NONE,None,None,HD
47992,2.0,Q,3600,None,None,None,HD
47993,None,B,3600,None,None,None,HD
47994,2.0,Q,3600,None,None,None,HD
47996,2.0,Q,3600,None,None,None,HD
47997,None,B,3600,None,None,None,HD
48004,2.0,Q,3600,None,630.0,900.0,HD
48005,1.0,Q,3600,None,116.0,72000.0,HD
48007,1.0,Q,3600,None,116.0,108000.0,HD
48010,4.0,B,3600,None,None,None,HD
48011,None,T,3000 3600,None,None,None,HD
48012,2.0,Q,3600,None,None,None,HD
48013,1.0,Q,3000 3600,NONE,None,None,MD
48014,1.0,Q,3600,NONE,None,None,MD
48488,2.0,Q,3600,None,None,None,HD
48496,2.0,Q,3600,None,None,None,HD
48497,1.0,Q,3600,None,None,None,HD
48499,2.0,Q,3600,None,None,None,HD
48503,None,T,3600,None,None,None,HD
48516,1.0,Q,3600,None,200.0,None,HD
48519,None,None,None,None,None,None,HD
48896,4.0,Q,3600,NONE,None,24714.0,HD
48901,2.0,Q,3000 3600,NONE,None,None,HD
48903,2.0,Q,3600,NONE,None,None,HD
48904,3.0,Q,3600,NONE,1380.0,28125.0,HD
48905,1.0,Q,3000 3600,NONE,None,None,HD
48906,2.0,Q,3600,None,1400.0,None,HD
48907,40.0,T,3600,None,None,None,HD
48908,1.0,Q,3600,None,None,34600.0,HD
48910,2.0,Q,3600,NONE,None,None,MD
48911,1.0,Q,3600,NONE,None,None,MD
48913,None,Q,3600,None,None,None,HD
48915,1.0,Q,3600,NONE,None,None,HD
48917,2.0,Q,3600,None,1400.0,None,HD
49283,2.0,Q,3600,None,1400.0,None,HD
49284,2.0,Q,3600,None,1400.0,None,HD
49285,None,T,3600,WASTEWATER,None,0.0,HD
49286,1.0,Q,3600,NONE,756.0,36000.0,HD
49291,45.0,T,3600,None,None,None,HD
49292,2.0,Q,3600,None,1400.0,None,HD
49293,2.0,Q,3600,None,1400.0,None,HD
49294,2.0,Q,3600,NONE,None,None,HD
49302,1.0,Q,3600,NONE,None,None,HD
49541,2.0,Q,3600,None,None,55607.0,HD
49542,4.0,B,3600,None,None,None,HD
49543,2.0,Q,3600,None,None,30000.0,HD
49544,None,B,3600,None,None,None,HD
49545,2.0,Q,3600,None,None,None,HD
49548,None,T,3600,None,None,None,HD
49549,None,B,3600,None,None,None,HD
49550,2.0,Q,3000 3600,NONE,430.0,None,HD
49551,1.0,Q,3000 3600,None,404.0,None,HD
50036,1.0,Q,3600,None,989.0,16064.0,HD
50040,None,T,3000,None,None,None,HD
50043,49.0,T,3600,None,517.0,0.0,HD
50046,None,T,3600,None,None,None,HD
50047,1.0,Q,3600,None,None,None,HD
50048,2.0,Q,3600,NONE,None,None,HD
50049,2.0,B,3600,LANDFILL,1000.0,None,HD
50050,1.0,Q,3600,None,None,None,HD
50051,2.0,Q,3000 3600,NONE,None,None,MD
50052,2.0,Q,3600,None,1750.0,None,HD
50053,3.0,Q,3600,None,1250.0,None,HD
50055,3.0,Q,3600,None,1300.0,None,HD
50236,None,T,3600,None,None,None,HD
50238,None,B,3600,None,None,None,HD
50239,None,Q,3600,None,None,None,HD
50240,1.0,B,3600,None,None,None,HD
50241,None,T,3600,None,None,None,HD
50243,None,Q,3600,None,None,None,HD
50245,None,T,3600,None,None,None,HD
50248,None,T,3600,None,None,None,HD
50250,None,Q,3600,None,None,None,HD
50252,None,Q,3600,None,None,None,HD
50254,None,Q,3600,None,None,None,HD
50257,None,B,3600,None,None,None,HD
50258,None,T,3600,None,None,None,HD
50259,2.0,B,3600,None,75.0,34538.0,HD
50260,None,B,3600,None,None,None,HD
50261,4.0,Q,3600,None,800.0,None,HD
50262,None,B,3600,None,None,None,HD
50263,None,B,3600,None,None,None,HD
50264,None,T,3600,None,None,None,HD
50265,None,T,3600,None,None,None,HD
50266,1.0,T,3600,None,None,None,HD
50267,None,T,3600,None,None,None,HD
50268,1.0,Q,3600,NONE,1000.0,None,HD
50269,None,B,3600,None,None,None,HD
50270,None,Q,3000 3600,None,None,None,HD
50271,None,B,3600,None,None,None,HD
50272,1.0,Q,3600,None,75.0,36000.0,HD
50274,2.0,Q,3600,None,250.0,None,MD
50275,None,T,3600,None,None,None,HD
50277,None,T,3000 3600,None,None,None,HD
50278,None,T,3600,None,None,None,HD
50279,None,B,3600,None,None,None,HD
50280,2.0,Q,3600,None,2400.0,None,HD
50281,None,T,3600,None,None,None,HD
50282,2.0,Q,3000 3600,None,110.0,None,HD
50646,1.0,Q,3600,None,680.0,30000.0,HD
50648,4.0,Q,3600,None,300.0,40000.0,HD
50649,2.0,Q,3600,None,None,None,HD
51035,2.0,Q,3600,None,250.0,None,MD
51466,2.0,Q,3600,NONE,500.0,38925.0,HD
51470,3.0,Q,3600,NONE,1600.0,None,HD
51471,2.0,Q,3600,NONE,600.0,None,HD
51479,2.0,Q,3600,NONE,None,None,HD
51599,1.0,Q,3000 3600,NONE,800.0,None,HD
51600,4.0,Q,3600,NONE,900.0,29657.0,HD
51601,1.0,Q,3600,None,None,None,MD
51604,2.0,Q,3000 3600,NONE,None,None,HD
51605,None,T,3600,None,None,None,HD
51607,None,B,3600,None,None,None,HD
51608,None,B,3600,None,None,None,HD
51610,1.0,Q,3600,None,425.0,None,MD
51612,2.0,Q,3600,None,700.0,None,HD
51621,2.0,Q,3600,None,216.0,30000.0,HD
51874,2.0,B,3600,NONE,1800.0,None,HD
51875,1.0,B,3600,None,75.0,33930.0,HD
51876,2.0,Q,3600,None,None,None,HD
51878,2.0,Q,3600,None,780.0,69000.0,HD
51879,None,Q,3600,None,None,None,HD
51881,6.0,Q,3600,None,664.0,None,HD
51883,None,B,3600,None,None,None,MD
51885,2.0,Q,3600,None,1400.0,None,HD
52200,4.0,Q,3600,None,None,0.0,HD
52202,3.0,Q,3600,NONE,1380.0,28125.0,HD
52203,2.0,B,3600,None,1400.0,30375.0,HD
52204,1.0,B,3600,None,900.0,5500.0,HD
52206,2.0,Q,3000 3600,NONE,800.0,None,HD
52207,1.0,Q,3600,NONE,688.0,22500.0,HD
52211,4.0,B,3600,None,185.0,None,HD
52214,3.0,Q,3600,NONE,1440.0,28125.0,HD
52215,2.0,Q,3600,None,975.0,36000.0,HD
52216,2.0,Q,3600,None,1400.0,None,HD
52437,None,T,3600,None,None,None,HD
52482,1.0,Q,3600,None,927.0,36000.0,HD
52485,3.0,B,3600,None,1200.0,29728.0,HD
52486,2.0,B,3600,None,900.0,5500.0,HD
52487,1.0,Q,3600,NONE,500.0,45600.0,HD
52488,2.0,Q,3600,NONE,500.0,45600.0,HD
52490,2.0,Q,3600,None,1400.0,None,HD
52495,1.0,B,3600,None,1483.0,19121.0,HD
52496,4.0,Q,3600,None,None,None,HD
52497,4.0,Q,3600,None,None,None,HD
52498,4.0,Q,3600,None,None,None,HD
52499,4.0,Q,3600,None,None,None,HD
52500,4.0,Q,3600,None,1600.0,36000.0,HD
52501,1.0,Q,3600,None,None,None,HD
52502,4.0,Q,3600,None,None,None,HD
52503,2.0,Q,3600,None,None,None,HD
52505,None,B,3600,WASTEWATER,None,None,HD
52506,2.0,Q,3600,None,1400.0,None,HD
52681,2.0,Q,3600,NONE,930.0,28125.0,HD
52684,None,Q,3600,None,50.0,None,MD
52685,3.0,Q,3600,None,2025.0,None,HD
52686,1.0,Q,3600,None,None,None,HD
52687,1.0,Q,3600,NONE,None,None,HD
52688,2.0,Q,3600,NONE,8000.0,None,HD
52691,2.0,Q,3600,None,550.0,102450.0,MD
52692,None,Q,3600,None,None,None,MD
52695,2.0,Q,3000 3600,NONE,430.0,None,HD
52988,None,B,3600,None,None,None,MD
52989,None,B,3600,None,None,None,MD
52990,None,B,3600,None,None,None,MD
52992,1.0,Q,3600,None,None,None,MD
52994,1.0,Q,3600,None,None,None,HD
52997,None,Q,3600,None,2800.0,None,HD
52998,None,Q,3600,None,2800.0,None,HD
53003,2.0,Q,3600,None,1400.0,None,HD
53005,1.0,Q,3600,None,None,None,HD
53006,2.0,Q,3600,None,None,None,HD
53007,2.0,Q,3600,None,1400.0,None,HD
53008,2.0,Q,3600,None,1400.0,None,HD
53312,1.0,Q,3600,None,100.0,30857.0,HD
53313,4.0,Q,3600,NONE,None,None,HD
53315,2.0,Q,3600,None,None,None,HD
53316,2.0,Q,3600,None,None,None,HD
53317,None,Q,3600,None,None,None,HD
53320,1.0,Q,3600,NONE,1100.0,36000.0,HD
53321,2.0,Q,3600,None,958.0,36000.0,HD
53322,1.0,Q,3600,None,None,None,HD
53323,1.0,Q,3600,None,1236.0,33982.0,HD
53324,2.0,Q,3600,None,250.0,None,HD
53326,None,Q,3600,None,None,None,HD
53327,2.0,Q,3600,None,1400.0,None,HD
53619,1.0,Q,3600,None,None,None,MD
53620,1.0,T,3600,None,None,None,HD
53621,3.0,Q,3600,None,4000.0,12600.0,HD
53624,None,T,3600,None,None,None,HD
53625,2.0,Q,3600,None,1400.0,None,HD
53626,2.0,Q,3600,NONE,800.0,37500.0,HD
53627,2.0,Q,3600,None,1000.0,60000.0,HD
53630,2.0,Q,3600,NONE,700.0,28125.0,HD
53632,1.0,T,3600,None,None,None,HD
53633,3.0,Q,3600,None,1400.0,None,HD
53634,3.0,Q,3600,None,None,None,HD
53636,1.0,Q,3600,None,700.0,None,HD
53637,3.0,Q,3600,NONE,2800.0,28125.0,HD
53641,3.0,Q,3600,NONE,1380.0,28125.0,HD
53642,3.0,Q,3600,NONE,2800.0,28125.0,HD
53643,2.0,Q,3600,None,840.0,None,HD
53644,None,B,3600,None,None,None,MD
53645,4.0,Q,3600,None,2800.0,None,HD
53646,2.0,Q,3600,None,None,None,HD
53740,None,B,3600,None,None,None,MD
53741,None,B,3600,None,None,None,MD
53750,1.0,Q,3600,NONE,None,None,HD
53751,2.0,Q,3600,None,1400.0,None,HD
53753,4.0,T,3600,None,10.0,None,MD
53754,4.0,Q,3600,None,1350.0,63384.0,HD
53755,None,Q,3600,None,None,None,HD
53757,2.0,Q,3600,None,1400.0,None,HD
53759,1.0,Q,3600,None,1000.0,None,HD
53760,1.0,Q,3600,None,None,None,HD
53761,1.0,Q,3600,None,600.0,1800.0,HD
53762,None,T,3600,None,None,None,HD
53763,1.0,Q,3600,None,400.0,None,HD
53764,1.0,Q,3600,None,820.0,16239.0,HD
53766,1.0,Q,3600,None,None,None,HD
53767,1.0,Q,3600,None,None,None,HD
53769,3.0,Q,3600,None,3600.0,5000.0,HD
53771,3.0,Q,3600,None,3600.0,None,HD
53772,3.0,Q,3600,None,3600.0,5000.0,HD
53775,3.0,Q,3600,NONE,2780.0,72000.0,HD
53776,1.0,Q,3600,None,1400.0,None,HD
53777,2.0,Q,3600,None,1400.0,None,HD
53779,2.0,Q,3600,None,1400.0,None,HD
53780,2.0,Q,3600,None,1400.0,None,HD
53781,2.0,Q,3600,None,1400.0,None,HD
53782,2.0,Q,3600,None,1400.0,None,HD
60032,None,T,3600,NONE,None,None,HD
60039,2.0,Q,3600,NONE,500.0,58000.0,HD
60040,2.0,Q,3600,NONE,500.0,91000.0,HD
60043,2.0,Q,3600,NONE,500.0,45600.0,HD
60045,2.0,Q,3600,NONE,750.0,90000.0,HD
60046,2.0,Q,3600,NONE,500.0,45600.0,HD
60084,4.0,Q,3600,None,None,None,HD
60085,2.0,Q,3600,None,None,None,HD
60087,4.0,Q,3600,None,1100.0,33400.0,HD
60113,4.0,Q,3000 3600,None,None,None,HD
60117,3.0,Q,3600,NONE,2800.0,69426.0,HD
60119,5.0,Q,3600,None,4701.0,69426.0,HD
60120,2.0,Q,3600,NONE,250.0,None,HD
60133,1.0,Q,3600,NONE,250.0,None,HD
60134,2.0,B,3600,NONE,500.0,None,HD
60138,2.0,Q,3600,NONE,500.0,None,HD
60157,2.0,Q,3600,NONE,900.0,78220.0,HD
60167,None,B,3600,LANDFILL,None,None,HD
60208,2.0,Q,3600,None,1000.0,34713.0,HD
60210,2.0,Q,3000 3600,NONE,None,None,HD
60213,1.0,Q,3600,None,1400.0,None,HD
60257,3.0,Q,3600,NONE,1820.0,18750.0,HD
60258,2.0,Q,3600,None,400.0,None,HD
60260,1.0,Q,3600,None,None,None,HD
60261,3.0,Q,3600,NONE,2040.0,28125.0,HD
60263,3.0,Q,3600,NONE,1483.0,None,HD
60265,2.0,B,3600,None,975.0,36000.0,HD
60266,1.0,Q,3600,NONE,None,None,HD
60267,2.0,Q,3000 3600,NONE,None,None,HD
60269,None,T,3600,None,1000.0,None,HD
60271,2.0,Q,3600,None,None,11121.0,HD
60425,None,T,3600,NONE,None,None,HD
60457,None,B,3600,None,None,None,HD
60458,None,T,3600,None,None,None,MD
60681,3.0,Q,3600,NONE,2511.0,34713.0,HD
60682,2.0,Q,3600,None,950.0,37071.0,HD
60683,None,T,3600,None,None,None,HD
60684,4.0,Q,3600,None,950.0,37071.0,HD
60685,2.0,Q,3600,None,950.0,37071.0,HD
60713,3.0,Q,3600,None,1800.0,None,HD
60727,2.0,Q,3600,None,None,None,HD
60818,2.0,Q,3600,None,766.0,69426.0,HD
60836,6.0,Q,3600,None,None,None,HD
60840,None,Q,3600,NONE,None,None,HD
60841,2.0,Q,3600,None,429.0,None,HD
60930,None,Q,3600,None,None,None,MD
60947,1.0,Q,3000 3600,NONE,None,None,HD
60952,1.0,T,3600,NONE,None,None,HD
60953,None,T,3600,NONE,None,None,MD
60954,None,T,3600,NONE,None,None,HD
61118,1.0,Q,3600,None,337.0,36000.0,MD
61119,1.0,Q,3600,None,None,74142.0,HD
61137,2.0,Q,3600,None,None,None,MD
61152,2.0,Q,3600,None,None,None,HD
61161,1.0,Q,3000 3600,NONE,None,None,HD
61167,1.0,Q,3000 3600,NONE,None,None,HD
61168,4.0,Q,3000 3600,NONE,None,None,HD
61169,2.0,Q,3600,None,2100.0,None,HD
61177,2.0,B,3600,None,None,None,HD
61179,1.0,Q,3600,None,60.0,400000.0,HD
61192,1.0,Q,3600,None,125.0,560000.0,HD
61194,2.0,Q,3600,None,None,None,HD
61195,2.0,Q,3600,None,None,None,HD
61196,1.0,Q,3600,None,None,None,MD
61206,2.0,Q,3600,None,None,None,HD
61342,1.0,Q,3600,None,None,None,MD
61343,1.0,Q,3600,None,None,None,MD
61344,2.0,Q,3600,NONE,None,None,HD
61349,None,Q,3000,None,800.0,None,HD
61350,None,Q,3000 3600,NONE,150.0,None,HD
61351,None,Q,3600,NONE,None,None,HD
61367,1.0,Q,3000 3600,NONE,None,None,MD
61368,4.0,Q,3600,NONE,989.0,31500.0,HD
61369,4.0,Q,3600,NONE,865.0,None,HD
61371,2.0,Q,3600,None,975.0,72000.0,HD
61372,2.0,Q,3600,None,975.0,36000.0,HD
61373,2.0,Q,3600,None,1050.0,36000.0,HD
61387,1.0,Q,3600,None,None,None,HD
61388,1.0,Q,3000 3600,NONE,None,None,HD
61406,None,T,3600,None,None,None,HD
61407,None,T,3600,NONE,None,None,HD
61427,2.0,Q,3600,None,975.0,36000.0,HD
61430,52.0,T,3600,None,None,None,HD
61431,2.0,Q,3000 3600,None,None,None,HD
61447,1.0,Q,3000 3600,NONE,None,None,MD
61481,2.0,Q,3600,None,507.0,36000.0,HD
61482,None,T,3000 3600,None,None,None,HD
61534,2.0,Q,3600,None,975.0,36000.0,HD
61536,None,T,3600,None,None,None,HD
61537,2.0,Q,3000 3600,None,450.0,None,HD
61538,None,Q,3600,None,None,None,HD
61555,None,T,3600,None,None,None,HD
61556,None,T,3600,None,None,None,HD
61611,2.0,Q,3600,None,975.0,36000.0,HD
61650,2.0,Q,3600,None,None,None,HD
61661,6.0,Q,3600,None,1200.0,None,HD
61679,None,T,3600,None,None,None,MD
61680,1.0,Q,3600,None,430.0,36600.0,HD
61681,2.0,B,3600,None,500.0,77.0,HD
61682,1.0,Q,3600,NONE,None,None,HD
61707,1.0,Q,3600,None,None,34713.0,MD
61720,None,T,3600,None,None,None,HD
61784,None,Q,3000 3600,NONE,None,None,HD
61785,None,Q,3000 3600,NONE,None,None,HD
61853,2.0,Q,3600,None,519.0,None,HD
61864,2.0,Q,3600,None,975.0,36000.0,HD
61865,8.0,B,3600,None,None,10680.0,HD
61868,2.0,Q,3600,NONE,30.0,None,HD
61871,2.0,Q,3600,None,None,None,HD
61896,None,Q,3600,None,None,None,HD
61897,2.0,Q,3600,None,1000.0,None,HD
61936,None,B,3600,None,None,None,HD
62063,1.0,Q,3600,None,None,None,HD
62065,2.0,Q,3600,NONE,1000.0,None,LD
62105,1.0,Q,3600,None,None,96000.0,HD
62106,3.0,Q,3600,None,1050.0,36000.0,HD
62107,None,Q,3600,None,None,None,HD
62108,1.0,Q,3600,None,None,None,HD
62112,2.0,Q,3600,None,None,None,HD
62230,2.0,Q,3600,None,None,None,HD
62257,2.0,Q,3600,NONE,840.0,56250.0,HD
62264,4.0,Q,3600,NONE,None,None,HD
62266,1.0,Q,3600,None,None,None,HD
62268,2.0,Q,3600,NONE,None,None,HD
62311,None,T,3600,None,None,None,HD
62312,None,Q,3600,None,None,None,HD
62313,1.0,Q,3600,None,None,None,HD
62381,1.0,Q,3600,None,123.0,49200.0,HD
62382,4.0,Q,3600,None,1500.0,60000.0,HD
62410,3.0,Q,3600,NONE,700.0,56250.0,HD
62411,3.0,Q,3600,NONE,900.0,28125.0,HD
62412,2.0,Q,3600,None,1400.0,None,HD
62443,2.0,Q,3600,None,None,None,HD
62444,None,T,3600,None,None,None,HD
62451,3.0,Q,3600,NONE,800.0,28125.0,HD
62453,None,Q,3600,None,None,None,HD
62454,3.0,Q,3600,NONE,2800.0,28125.0,HD
62455,2.0,Q,3600,None,2700.0,None,HD
62456,None,T,3600,None,1400.0,None,HD
62471,2.0,Q,3600,None,900.0,34500.0,HD
62538,3.0,Q,3600,NONE,755.0,56250.0,HD
62543,2.0,Q,3600,None,975.0,36000.0,HD
62544,2.0,Q,3600,None,975.0,36000.0,HD
62545,2.0,Q,3600,None,975.0,36000.0,HD
62564,None,T,3600,None,None,None,HD
62565,None,T,3600,None,None,None,HD
62566,None,T,3600,None,None,None,HD
62567,None,T,3600,None,None,None,HD
62568,None,T,3600,None,None,None,HD
62569,None,T,3600,None,None,None,HD
62570,None,T,3600,None,None,None,HD
62572,None,T,3600,None,None,None,HD
62603,4.0,Q,3600,None,None,None,HD
62630,None,Q,3600,None,None,None,HD
62632,None,B,3600,None,None,None,HD
62674,None,Q,3000 3600,None,None,None,HD
62693,2.0,T,3600,NONE,None,None,HD
62773,2.0,Q,3600,None,1300.0,58000.0,MD
62775,1.0,Q,3000 3600,NONE,None,None,HD
62776,2.0,Q,3600,NONE,1600.0,55000.0,HD
62906,2.0,Q,3600,None,975.0,36000.0,HD
62907,2.0,Q,3600,None,975.0,36000.0,HD
62908,2.0,Q,3600,None,975.0,None,HD
62909,2.0,Q,3600,None,975.0,36000.0,HD
62910,2.0,Q,3600,None,975.0,75000.0,HD
62911,2.0,Q,3600,None,975.0,36000.0,HD
62912,2.0,Q,3600,None,975.0,36000.0,HD
62914,2.0,Q,3600,None,1463.0,36000.0,HD
62915,2.0,Q,3600,None,1400.0,None,HD
62916,2.0,Q,3600,None,1400.0,None,HD
62917,2.0,Q,3600,None,1400.0,None,HD
62932,1.0,T,3600,NONE,375.0,1000.0,HD
62933,1.0,Q,3600,NONE,None,1000.0,HD
62934,3.0,Q,3600,None,None,None,HD
62996,2.0,Q,3600,None,None,None,HD
62997,1.0,Q,3600,None,None,None,HD
63015,None,B,3600,None,None,None,HD
63016,4.0,Q,3600,None,None,None,HD
63026,2.0,Q,3600,None,1400.0,None,HD
63027,2.0,Q,3600,None,1400.0,None,HD
63028,2.0,Q,3600,None,1400.0,None,HD
63029,2.0,Q,3600,None,1400.0,None,HD
63030,None,Q,3000,None,100.0,None,MD
63176,None,B,3000 3600,None,300.0,None,HD
63177,None,B,3000 3600,None,765.0,None,HD
63178,None,B,3000 3600,None,720.0,None,HD
63187,2.0,Q,3600,None,None,None,HD
63210,2.0,Q,3600,None,1080.0,60000.0,HD
63227,2.0,Q,3600,None,1600.0,None,HD
63244,None,T,3600,None,1200.0,14400.0,HD
63276,3.0,Q,3600,NONE,3510.0,34713.0,HD
63277,3.0,Q,3600,NONE,3318.0,34713.0,HD
63278,3.0,Q,3600,NONE,3852.0,34713.0,HD
63316,None,B,3600,None,None,None,MD
63317,None,B,3600,None,None,None,MD
63354,None,Q,3600,None,None,None,HD
63446,1.0,Q,3600,NONE,None,None,HD
63447,1.0,Q,3600,None,None,None,HD
63527,None,T,3600,None,None,None,HD
63576,4.0,Q,3600,None,1500.0,22500.0,HD
63577,2.0,Q,3600,None,None,None,HD
63578,31.0,T,3600,WASTEWATER,None,None,HD
63579,1.0,Q,3000 3600,NONE,None,None,HD
63599,2.0,Q,3600,NONE,None,None,MD
63600,2.0,Q,3600,NONE,None,None,HD
63602,4.0,Q,3600,None,None,None,HD
63603,1.0,Q,3600,None,None,None,HD
63627,2.0,Q,3600,None,975.0,36000.0,HD
63632,1.0,Q,3600,None,None,None,HD
63662,None,Q,3000,None,250.0,None,HD
63664,4.0,Q,3600,NONE,800.0,30000.0,HD
63665,4.0,Q,3600,NONE,1000.0,None,HD
63673,4.0,Q,3600,None,3800.0,3144.0,HD
63680,2.0,Q,3000 3600,NONE,None,None,HD
63681,1.0,Q,3000 3600,NONE,None,None,HD
63757,2.0,Q,3600,None,430.0,60300.0,HD
63817,1.0,Q,3600,NONE,None,None,HD
63850,None,T,3600,None,None,None,HD
63851,None,T,3600,None,None,None,HD
63857,None,Q,3600,None,None,None,HD
63859,None,T,3600,None,None,None,HD
63860,None,T,3600,None,None,None,HD
63862,None,T,3600,None,None,None,HD
63863,None,T,3600,None,None,None,HD
63864,None,T,3600,None,None,None,HD
63865,None,T,3600,None,None,None,HD
63867,None,T,3600,None,None,None,HD
63973,None,T,3600,None,None,None,HD
63974,None,T,3600,None,None,None,HD
63975,None,T,3600,None,None,None,HD
63976,2.0,T,3600,None,None,None,HD
63977,None,T,3600,None,None,None,HD
63978,None,T,3600,None,None,None,HD
63979,None,T,3600,None,None,None,HD
63980,None,T,3600,None,None,None,HD
63991,None,T,3600,None,None,None,HD
63992,1.0,T,3600,None,None,None,HD
63993,None,T,3600,None,None,None,HD
63994,None,T,3000 3600,None,None,None,HD
63995,None,T,3600,None,None,None,HD
64005,None,T,3600,None,None,None,HD
64007,None,T,3600,None,None,None,HD
64008,None,T,3600,None,None,None,HD
64009,None,T,3600,None,None,None,HD
64010,None,B,3600,None,None,None,HD
64011,None,T,3600,None,None,None,HD
64012,None,T,3600,None,None,None,HD
64013,None,T,3600,None,None,None,HD
64019,2.0,Q,3600,None,308.0,46957.0,HD
64022,None,T,3600,None,None,None,MD
64025,None,Q,3600,None,None,None,HD
64027,3.0,Q,3600,None,890.0,37507.0,HD
64056,None,Q,3600,None,None,None,HD
64057,4.0,Q,3600,None,865.0,34611.0,HD
64058,None,T,3600,None,None,None,HD
64086,None,Q,3600,None,25.0,None,LD
64203,2.0,Q,3600,None,975.0,36000.0,HD
64204,2.0,Q,3600,None,975.0,36000.0,HD
64208,6.0,Q,3600,None,None,None,HD
64209,None,T,3600,None,None,None,HD
64212,1.0,Q,3600,None,None,None,HD
64213,1.0,Q,3600,None,None,None,HD
64229,2.0,Q,3600,None,None,None,HD
64318,2.0,Q,3600,None,None,None,HD
64319,None,Q,3600,None,None,None,HD
64516,2.0,Q,3600,NONE,None,None,HD
64522,1.0,Q,3600,None,1000.0,None,HD
64694,2.0,Q,3600,None,1100.0,117330.0,HD
64707,1.0,Q,3600,None,35.0,247.0,HD
64827,1.0,Q,3600,None,None,None,HD
64833,8.0,Q,3600,None,None,None,HD
64847,1.0,Q,3600,None,116.0,36000.0,MD
64851,None,B,3600,None,None,None,HD
64938,3.0,Q,3600,NONE,1600.0,None,HD
64964,1.0,Q,3600,None,400.0,None,MD
64965,1.0,Q,3600,None,400.0,None,MD
65031,None,Q,3600,None,None,None,HD
65032,3.0,Q,3600,None,None,None,HD
65346,2.0,Q,3600,NONE,800.0,30000.0,HD
65392,2.0,Q,3600,NONE,1098.0,58289.0,HD
65395,None,T,3600,None,None,None,HD
65417,2.0,Q,3600,None,None,None,HD
65418,2.0,Q,3600,None,975.0,60000.0,HD
65436,3.0,Q,3600,None,1900.0,111648.0,HD
65437,26.0,Q,3600,None,None,None,HD
65439,None,T,3600,None,None,None,MD
65440,1.0,Q,3600,NONE,None,None,HD
65441,2.0,Q,3600,None,None,None,HD
65442,1.0,Q,3600,None,None,None,HD
65444,1.0,Q,3600,None,None,None,HD
65458,1.0,Q,3600,None,None,None,HD
65508,None,T,3000,None,None,None,MD
65521,3.0,Q,3600,NONE,3093.0,34713.0,HD
65522,3.0,Q,3600,NONE,2964.0,69426.0,HD
65523,3.0,Q,3600,NONE,2100.0,69426.0,HD
65535,3.0,Q,3600,None,None,None,HD
65537,2.0,Q,3600,None,None,None,HD
65538,1.0,Q,3000 3600,NONE,None,None,HD
65541,None,Q,3600,LANDFILL,None,None,HD
65542,None,Q,3600,LANDFILL,None,None,HD
65543,None,T,3600,None,None,None,HD
65547,2.0,Q,3600,None,500.0,None,HD
65548,4.0,Q,3600,None,None,None,HD
65552,1.0,Q,3000 3600,None,None,None,MD
65553,None,T,3600,None,None,None,MD
65555,4.0,Q,3600,NONE,4170.0,86325.0,HD
65669,2.0,Q,3600,None,1400.0,None,HD
65699,2.0,Q,3600,None,None,11000.0,HD
65700,4.0,Q,3000 3600,None,1200.0,None,HD
65748,7.0,Q,3600,NONE,None,None,HD
65752,2.0,Q,3600,NONE,1100.0,58000.0,HD
65765,1.0,B,3600,None,2000.0,None,HD
65769,1.0,Q,3600,NONE,None,None,HD
65814,1.0,Q,3000 3600,NONE,None,None,HD
65815,1.0,Q,3600,NONE,None,None,HD
65952,3.0,Q,3600,None,None,None,HD
65957,None,T,3600,None,None,None,HD
66255,None,T,3600,None,None,None,HD
66264,None,T,3600,None,None,None,HD
66265,None,T,3600,None,None,None,HD
66266,None,T,3600,None,None,None,HD
66302,None,T,3600,None,None,None,HD
66309,None,T,3600,None,None,None,HD
66310,3.0,Q,3600,NONE,2540.0,86325.0,HD
66393,None,T,3000,NONE,None,None,MD
66465,2.0,Q,3600,None,730.0,36000.0,HD
66517,1.0,Q,3600,None,None,None,LD
66625,1.0,B,3600,None,None,None,HD
66683,2.0,Q,3600,None,None,None,HD
66699,4.0,Q,3600,None,None,None,HD
66737,1.0,Q,3600,None,None,None,HD
66756,None,B,3600,NONE,None,None,HD
66757,4.0,Q,3600,None,740.0,None,HD
66761,4.0,Q,3600,NONE,None,None,HD
66833,2.0,Q,3600,None,1200.0,159000.0,HD
67023,1.0,Q,3600,NONE,1000.0,None,HD
67029,2.0,Q,3600,None,744.0,37071.0,HD
67030,2.0,Q,3600,NONE,500.0,None,HD
67031,2.0,Q,3600,NONE,1800.0,None,HD
67033,2.0,Q,3600,NONE,250.0,None,HD
67057,3.0,Q,3600,None,None,None,MD
67071,2.0,Q,3600,None,975.0,36000.0,HD
67073,2.0,Q,3600,None,None,None,HD
67118,1.0,Q,3000 3600,NONE,989.0,None,HD
67170,4.0,Q,3600,NONE,1000.0,62500.0,HD
67196,None,Q,3600,None,None,None,HD
67198,1.0,Q,3600,NONE,None,None,HD
67298,2.0,Q,3600,None,None,None,HD
67340,None,T,3600,LANDFILL,None,None,HD
67830,2.0,Q,3600,None,1463.0,36000.0,HD
67844,4.0,Q,3600,NONE,None,None,HD
67845,2.0,Q,3600,NONE,None,None,HD
67979,2.0,Q,3600,NONE,200.0,None,HD
67981,2.0,Q,3600,None,None,None,HD
67982,2.0,Q,3600,None,None,None,HD
68045,2.0,B,3600,None,None,None,HD
68219,4.0,Q,3600,None,924.0,60000.0,HD
68443,3.0,Q,3600,None,2100.0,67000.0,HD
68444,4.0,Q,3600,None,None,None,HD
68608,1.0,Q,3600,None,None,None,HD
68611,3.0,Q,3600,None,1621.0,36000.0,HD
68750,None,Q,3600,None,50.0,None,MD
68751,None,Q,3600,None,50.0,None,MD
69025,3.0,Q,3000 3600,None,989.0,66728.0,HD
69117,None,T,3600,None,None,None,MD
69127,None,T,3600,None,None,None,MD
69128,2.0,Q,3600,NONE,2000.0,None,HD
69136,2.0,T,3600,None,None,None,HD
69155,2.0,Q,3600,NONE,1000.0,None,HD
69156,2.0,Q,3600,NONE,1000.0,None,HD
69157,1.0,Q,3600,NONE,1000.0,None,HD
69158,2.0,Q,3600,NONE,1000.0,None,HD
69159,None,Q,3600,None,None,None,HD
69160,1.0,Q,3000 3600,None,200.0,None,HD
69161,None,T,3600,None,None,None,HD
69203,None,T,3600,None,None,None,HD
69204,1.0,B,3600,None,None,None,HD
69828,2.0,Q,3600,None,600.0,None,HD
69829,2.0,Q,3600,None,800.0,None,HD
69830,3.0,Q,3600,None,1600.0,None,HD
69879,None,B,3600,NONE,None,None,HD
69925,1.0,Q,3600,NONE,500.0,111213.0,HD
70086,None,T,3600,None,None,None,HD
70105,2.0,Q,3600,None,None,None,MD
70126,3.0,Q,3600,None,1000.0,37000.0,HD
70560,2.0,Q,3000 3600,None,500.0,36000.0,HD
70850,None,Q,3600,None,None,None,HD
71065,3.0,Q,3600,None,1100.0,65000.0,HD
71264,None,B,3600,None,103.0,None,HD
71421,1.0,Q,3600,NONE,None,None,MD
71423,2.0,Q,3600,None,None,24714.0,HD
71474,2.0,Q,3600,None,None,None,MD
71827,2.0,Q,3600,None,3889.0,33000.0,HD
72094,1.0,Q,3600,NONE,None,None,HD
72595,1.0,Q,3600,NONE,None,None,HD
72596,2.0,Q,3600,None,1500.0,56000.0,HD
72604,3.0,B,3600,None,95.0,11130.0,MD
73150,1.0,Q,3600,None,None,None,HD
73154,None,B,3600,None,None,None,LD
73155,None,B,3600,None,None,None,HD
73615,None,Q,3000 3600,None,404.0,None,HD
73696,2.0,Q,3600,NONE,1000.0,None,HD
73699,2.0,Q,3600,None,1400.0,None,HD
73716,None,Q,3600,None,None,None,MD
73717,None,Q,3600,None,None,None,HD
73901,2.0,Q,3600,NONE,None,None,HD
74091,4.0,Q,3600,None,464.0,None,HD
74121,None,T,3600,None,5000.0,None,HD
74122,None,T,3600,None,None,None,HD
74287,40.0,T,3600,None,None,None,HD
74863,None,Q,3600,None,None,None,HD
74864,None,Q,3600,None,None,None,HD
74865,None,Q,3600,None,None,None,HD
74866,None,Q,3600,None,None,None,HD
74867,None,Q,3600,None,None,None,HD
74868,None,Q,3600,None,None,None,HD
74869,None,Q,3600,None,None,None,HD
74870,None,Q,3600,None,None,None,HD
74871,None,Q,3600,None,None,None,HD
74872,None,Q,3600,None,None,None,HD
74873,None,Q,3600,None,None,None,HD
74874,None,Q,3600,None,None,None,HD
74875,None,Q,3600,None,None,None,HD
74876,None,Q,3600,None,None,None,HD
74877,None,Q,3600,None,None,None,HD
74878,None,Q,3600,None,None,None,HD
74879,None,Q,3600,None,None,None,HD
74880,None,Q,3600,None,None,None,HD
74881,None,Q,3600,None,None,None,HD
74882,None,Q,3600,None,None,None,HD
74883,None,Q,3600,None,None,None,HD
74903,3.0,B,3600,None,None,None,HD
75106,None,Q,3600,None,None,None,HD
75107,1.0,Q,3600,None,800.0,None,HD
75638,1.0,Q,3600,NONE,989.0,None,HD
75666,2.0,Q,3600,None,1400.0,16239.0,HD
75776,2.0,Q,3600,NONE,524.0,31968.0,HD
75801,2.0,Q,3600,None,506.0,75000.0,HD
75843,2.0,Q,3600,NONE,2000.0,None,HD
75845,2.0,Q,3600,NONE,None,None,HD
75846,3.0,Q,3600,NONE,1000.0,129501.0,HD
75900,4.0,Q,3600,None,None,None,HD
75921,3.0,Q,3600,NONE,2970.0,69426.0,HD
76192,None,Q,3600,None,None,None,MD
76974,3.0,Q,3600,None,1500.0,None,HD
77051,1.0,Q,3600,LANDFILL,None,None,HD
77158,1.0,Q,3600,NONE,None,None,HD
77205,2.0,Q,3600,None,None,None,HD
77218,None,T,3600,None,None,None,HD
77335,1.0,Q,3000 3600,NONE,None,None,HD
77563,2.0,Q,3600,None,1000.0,None,HD
77601,1.0,Q,3600,NONE,None,None,HD
77935,2.0,Q,3600,None,1200.0,None,HD
77947,1.0,Q,3000 3600,None,None,None,HD
78147,None,T,3600,None,None,None,HD
78148,2.0,Q,3600,None,720.0,225.0,HD
78255,1.0,Q,3600,NONE,None,None,HD
78289,4.0,Q,3600,None,None,None,HD
78773,3.0,Q,3600,None,2200.0,78000.0,HD
79250,None,Q,3600,NONE,None,None,HD
79252,None,Q,3600,NONE,None,None,HD
79256,None,Q,3600,None,None,None,HD
79257,None,Q,3600,None,None,None,HD
79258,None,Q,3600,None,None,None,HD
79259,2.0,Q,3600,None,None,None,HD
79264,2.0,Q,3600,None,None,None,HD
79266,1.0,Q,3600,None,None,None,HD
79267,2.0,Q,3600,None,None,None,HD
79415,3.0,Q,3600,NONE,1854.0,None,HD
79934,2.0,Q,3600,None,898.0,None,HD
79955,2.0,Q,3600,None,1359.0,54371.0,HD
79994,None,B,3600,NONE,None,None,HD
80163,None,Q,3600,None,None,None,HD
80312,1.0,Q,3600,None,None,None,HD
80512,2.0,Q,3600,None,1483.0,13900.0,HD
80513,None,B,3600,NONE,None,None,HD
80514,None,T,3600,None,None,None,HD
80515,1.0,Q,3600,None,None,None,HD
80531,None,T,3600,None,None,None,HD
80532,None,Q,3000 3600,None,824.0,None,HD
81163,None,T,3600,None,None,None,HD
81313,None,Q,3600,NONE,None,None,HD
81564,2.0,Q,3600,None,None,None,HD
81714,1.0,Q,3600,None,None,None,HD
81715,1.0,Q,3600,None,None,None,HD
81744,12.0,T,3600,None,None,None,HD
81766,2.0,Q,3600,NONE,None,None,HD
81768,2.0,Q,3600,None,1384.0,12314.0,HD
81771,None,B,3600,None,None,None,HD
81857,1.0,Q,3600,None,2400.0,None,HD
82098,None,Q,3600,None,None,None,HD
82376,None,Q,3600,None,None,None,HD
82377,None,T,3600,None,None,None,HD
82378,None,B,3600,None,None,None,HD
82379,None,Q,3600,None,None,None,HD
82380,None,Q,3600,None,None,None,HD
82381,None,Q,3600,None,None,None,HD
82690,1.0,B,3600,NONE,886.0,None,HD
82807,None,Q,3600,None,900.0,None,HD
85517,1.0,Q,3600,None,275.0,100500.0,MD
85854,3.0,Q,3600,NONE,None,None,HD
85912,3.0,B,3600,None,1730.0,33982.0,HD
86009,3.0,Q,3600,NONE,None,None,HD
86010,None,Q,3600,None,None,None,HD
86011,None,T,3600,None,None,None,HD
86108,2.0,Q,3600,None,1465.0,None,HD
86948,1.0,Q,3600,None,425.0,58819.0,HD
86992,2.0,Q,3600,None,1100.0,35000.0,HD
87005,None,Q,3600,None,None,None,HD
87011,3.0,Q,3600,NONE,None,None,HD
87706,1.0,Q,3600,None,300.0,37000.0,HD
87707,2.0,Q,3600,None,200.0,37000.0,HD
88076,None,T,3600,None,None,None,HD
88077,2.0,Q,3600,NONE,None,None,HD
88090,None,Q,3600,None,None,None,HD
88091,14.0,B,3600,None,None,None,HD
88190,1.0,Q,3600,NONE,None,None,HD
88237,None,Q,3600,None,None,None,HD
88301,None,Q,3600,None,None,None,HD
88383,1.0,Q,3600,None,None,100000.0,HD
88505,1.0,Q,3600,NONE,None,None,HD
88600,2.0,Q,3600,None,989.0,None,HD
88634,None,T,3600,NONE,None,None,HD
89323,4.0,Q,3600,None,800.0,34000.0,HD
89738,2.0,Q,3600,None,None,None,HD
89739,None,Q,3000 3600,NONE,None,None,HD
89813,3.0,Q,3600,NONE,None,None,HD
89911,1.0,Q,3600,None,618.0,11121.0,HD
91696,2.0,Q,3600,SOLAR,738.0,None,HD
91913,1.0,Q,3600,NONE,None,None,HD
91974,None,Q,3600,None,None,None,HD
92096,2.0,Q,3000,None,1400.0,None,HD
94399,3.0,Q,3600,None,1000.0,None,HD
94574,1.0,Q,3600,None,None,None,HD
97026,1.0,Q,3600,None,None,None,HD
98479,None,B,3600,None,None,None,HD
98480,None,B,3600,None,None,None,HD
98481,None,B,3600,None,None,None,HD
98522,3.0,Q,3600,None,None,None,HD
98710,2.0,Q,3600,None,None,None,HD
98712,2.0,Q,3600,None,None,None,HD
99439,None,B,3600,None,None,None,HD
99695,2.0,Q,3600,NONE,None,None,HD
100391,None,B,3600,NONE,None,None,HD
100392,None,T,3600,None,None,None,HD
100405,None,Q,3600,NONE,None,None,HD
100406,None,Q,3600,NONE,None,None,HD
100443,3.0,Q,3600,None,None,None,HD
100444,2.0,Q,3600,None,None,None,HD
102522,None,B,3600,None,None,None,HD
102523,None,Q,3600,None,None,None,HD
102524,None,T,3600,None,None,None,HD
103895,1.0,Q,3600,NONE,390.0,33350.0,HD
104021,2.0,Q,3600,NONE,1200.0,33000.0,HD
104425,None,T,3600,None,None,None,HD
104426,None,Q,3600,None,None,None,HD
104492,2.0,Q,3600,None,None,None,HD
104829,None,Q,3600,None,None,None,HD
105075,2.0,Q,3600,None,None,None,HD
105517,4.0,Q,3600,None,1359.0,None,HD
105568,None,T,3600,None,None,None,HD
116746,2.0,Q,3600,WASTEWATER,200.0,35385.0,HD
117015,2.0,Q,3600,LANDFILL,None,None,HD
117234,1.0,Q,3600,NONE,None,None,HD
117451,1.0,Q,3600,None,None,None,HD
117871,4.0,Q,3600,LANDFILL,1000.0,None,MD
118326,1.0,Q,3600,None,None,None,HD
118517,1.0,Q,3600,None,None,None,HD
121624,None,Q,3600,None,None,None,HD
121668,None,Q,3600,None,2500.0,100092.0,HD
121669,None,Q,3600,None,2500.0,100092.0,HD
121859,None,Q,3600,None,None,None,HD
122176,None,Q,3600,None,None,None,HD
122627,None,T,3600,None,None,None,HD
122986,1.0,Q,3600,None,None,None,HD
122987,1.0,Q,3600,None,None,None,HD
123650,None,T,3600,None,None,None,HD
123710,None,T,3600,None,None,None,HD
123711,None,T,3600,None,None,None,HD
123712,None,T,3600,None,None,None,HD
123713,None,T,3600,None,None,None,HD
123714,None,T,3600,None,None,None,HD
123715,None,T,3600,None,None,None,HD
123716,None,T,3600,None,None,None,HD
123717,None,T,3600,None,None,None,HD
123718,None,T,3600,None,None,None,HD
123719,None,T,3600,None,None,None,HD
123720,None,T,3600,None,None,None,HD
123721,None,T,3600,None,None,None,HD
123722,None,T,3600,None,None,None,HD
123723,None,T,3600,None,None,None,HD
123724,None,T,3600,None,None,None,HD
123725,None,T,3600,None,None,None,HD
123726,None,T,3600,None,None,None,HD
123727,None,T,3600,None,None,None,HD
123728,None,T,3600,None,None,None,HD
123729,None,T,3600,None,None,None,HD
123730,None,T,3600,None,None,None,HD
123731,None,T,3600,None,None,None,HD
123732,None,T,3600,None,None,None,HD
123733,None,T,3600,None,None,None,HD
123734,None,T,3600,None,None,None,HD
123735,None,T,3600,None,None,None,HD
123736,None,T,3600,None,None,None,HD
123771,None,T,3600,None,None,None,HD
124245,1.0,Q,3600,None,None,None,HD
124553,1.0,Q,3600,None,None,60000.0,HD
124687,None,T,3600,None,None,None,HD
124688,None,T,3600,None,None,None,HD
135483,1.0,Q,3600,NONE,1600.0,66000.0,HD
139995,2.0,Q,3600,None,None,None,HD
139996,None,None,None,None,None,None,HD
139997,None,None,None,None,None,None,HD
142047,None,T,3600,None,None,None,HD
146957,1.0,Q,3600,NONE,1000.0,33000.0,HD
151884,12.0,T,3600,None,100.0,31065.0,HD
151885,2.0,B,3600,None,None,None,HD
151886,12.0,T,3600,None,None,None,HD
151887,2.0,Q,3600,None,None,None,HD
151888,2.0,Q,3600,None,None,None,HD
151889,2.0,Q,3600,None,None,None,HD
151893,2.0,Q,3600,None,None,None,HD
151894,2.0,Q,3600,None,None,None,HD
152056,None,B,3600,None,None,None,HD
152057,None,B,3600,None,None,None,HD
152058,None,B,3600,None,None,None,HD
152059,None,B,3600,None,None,None,HD
152060,None,B,3600,None,None,None,HD
152061,None,B,3600,None,None,None,HD
152063,None,B,3600,None,None,None,HD
152064,None,B,3600,None,None,None,HD
152065,None,B,3600,None,None,None,HD
152066,None,B,3600,None,None,None,HD
152067,None,B,3600,None,None,None,HD
152068,None,B,3600,None,None,None,HD
152519,40.0,T,3600,NONE,None,None,MD
152520,None,T,3600,None,None,None,MD
153747,3.0,Q,3600,NONE,None,None,HD
153957,None,B,3600,NONE,None,None,HD
154291,None,T,3600,SOLAR,None,None,HD
154292,None,T,3600,None,None,None,HD
154472,None,T,3600,None,None,None,HD
154550,None,None,None,None,None,None,HD
154568,None,None,None,None,None,None,HD
154569,None,None,None,None,None,None,HD
155411,4.0,Q,3600,None,None,None,HD
155590,4.0,Q,3600,None,625.0,None,HD
156339,2.0,Q,3600,LANDFILL,1000.0,None,HD
156392,None,B,3600,None,None,None,HD
163415,4.0,B,3600,SOLAR,771.0,None,HD
163504,16.0,T,3600,WASTEWATER,None,None,HD
163532,24.0,T,3600,NONE,None,None,HD
164218,None,T,3600,None,None,None,HD
164401,None,T,None,None,None,None,HD
164592,None,T,3600,None,None,None,LD
164593,None,T,3000 3600,None,None,None,HD
165100,2.0,Q,3600,None,3200.0,53000.0,HD
166889,None,Q,3600,None,None,None,HD
167132,None,None,None,None,None,None,HD
167574,None,Q,3600,None,None,None,HD
167579,None,Q,3600,None,None,None,HD
167602,None,Q,3600,None,None,None,HD
167603,None,Q,3600,None,None,None,HD
167604,None,Q,3600,None,None,None,HD
167605,None,Q,3600,None,None,None,HD
167606,None,Q,3600,None,None,None,HD
167656,None,Q,3600,None,None,None,HD
167657,None,Q,3600,None,None,None,HD
167658,None,Q,3600,None,None,None,HD
167659,None,Q,3600,None,None,None,HD
167660,None,Q,3600,None,None,None,HD
169548,1.0,Q,3600,NONE,None,None,HD
183792,2.0,B,3600,NONE,250.0,None,HD
187475,None,T,3600,None,None,None,HD
187476,None,T,3600,None,None,None,HD
187477,None,T,3600,None,None,None,HD
187478,None,T,3600,None,None,None,HD
187479,None,T,3600,None,None,None,HD
187480,None,T,3600,None,None,None,HD
187841,None,Q,3600,None,None,None,HD
187848,None,Q,3600,None,None,None,HD
188087,12.0,T,3600,NONE,None,None,MD
189034,None,T,3600,None,None,None,HD
190038,2.0,B,3600,None,975.0,36000.0,HD
191596,None,B,3600,NONE,None,None,None
191692,1.0,Q,3600,None,None,None,MD
194952,None,None,None,None,None,None,HD
196516,None,T,3600,None,None,None,HD
205424,8.0,B,3600,None,75.0,36942.0,HD
211754,3.0,B,3600,None,None,None,HD
213510,2.0,Q,3600,None,215.0,36600.0,HD
217236,4.0,Q,3600,NONE,None,None,HD
219843,80.0,B,3000 3600,None,None,None,HD
222022,1.0,Q,None,None,None,None,HD
227756,34.0,T,2400,NONE,None,None,HD
251711,None,None,None,NONE,None,None,HD
252683,5.0,Q,2400,LANDFILL,12.0,460.0,HD
254155,2.0,Q,3600,LIVESTOCK,None,None,HD
