sid,e85_blender_pump,e85_other_ethanol_blends
1436,1.0,"[""E15""]"
1437,1.0,"[""E15""]"
1441,1.0,"[""E15""]"
1447,1.0,"[""E30-E35""]"
1451,1.0,"[""E20-E25"",""E30-E35""]"
1459,1.0,"[""E15""]"
1479,0.0,None
1480,1.0,"[""E30-E35"",""E40-Plus""]"
1487,0.0,None
6219,1.0,"[""E15""]"
7102,1.0,"[""E15""]"
7116,0.0,None
13039,1.0,"[""E20-E25"",""E30-E35""]"
13049,1.0,"[""E30-E35""]"
16239,0.0,None
16241,0.0,None
18964,0.0,None
18967,1.0,"[""E20-E25""]"
18971,0.0,None
18972,0.0,None
18976,0.0,None
18980,0.0,None
18982,0.0,None
18985,0.0,None
18986,0.0,None
18988,1.0,"[""E15""]"
19150,1.0,"[""E40-Plus""]"
19153,1.0,"[""E15"",""E20-E25"",""E30-E35"",""E40-Plus""]"
20745,0.0,None
20748,0.0,None
20759,0.0,None
20844,0.0,None
20867,1.0,"[""E40-Plus""]"
20868,1.0,"[""E15"",""E30-E35""]"
20899,0.0,None
20986,1.0,"[""E20-E25"",""E30-E35"",""E40-Plus""]"
20987,1.0,"[""E40-Plus""]"
20994,1.0,"[""E15"",""E30-E35"",""E40-Plus""]"
21090,1.0,"[""E20-E25"",""E30-E35"",""E40-Plus""]"
21290,1.0,"[""E15""]"
21442,0.0,None
21443,0.0,None
21444,1.0,"[""E30-E35""]"
21445,0.0,None
21446,1.0,"[""E30-E35""]"
21741,0.0,None
21765,0.0,None
21766,0.0,None
21965,0.0,None
21976,1.0,"[""E20-E25"",""E30-E35"",""E40-Plus""]"
21978,0.0,None
21992,0.0,None
21993,1.0,"[""E20-E25"",""E30-E35"",""E40-Plus""]"
21994,0.0,None
21996,0.0,None
22617,0.0,None
23311,1.0,"[""E40-Plus""]"
23804,0.0,None
23805,0.0,None
23806,0.0,None
23862,0.0,None
24807,0.0,None
25404,0.0,None
25406,0.0,None
25461,1.0,"[""E15"",""E20-E25""]"
25462,0.0,None
25463,1.0,"[""E15"",""E20-E25"",""E30-E35"",""E40-Plus""]"
25465,1.0,"[""E15"",""E20-E25"",""E30-E35""]"
25467,0.0,None
25468,1.0,"[""E20-E25""]"
25469,0.0,None
25470,1.0,"[""E15"",""E20-E25"",""E30-E35""]"
25687,0.0,None
25977,0.0,None
26014,0.0,None
26070,1.0,"[""E30-E35""]"
26153,0.0,None
26270,1.0,"[""E15"",""E30-E35""]"
26519,1.0,"[""E15"",""E20-E25"",""E30-E35""]"
26598,0.0,None
26599,0.0,None
26660,1.0,"[""E30-E35""]"
26663,0.0,None
26665,1.0,"[""E20-E25"",""E30-E35"",""E40-Plus""]"
26666,1.0,"[""E15""]"
26667,1.0,"[""E40-Plus""]"
26668,1.0,"[""E40-Plus""]"
26716,0.0,None
26835,0.0,None
26841,0.0,None
26842,1.0,"[""E15""]"
26845,1.0,"[""E15""]"
26850,1.0,"[""E40-Plus""]"
26851,1.0,"[""E30-E35""]"
26853,0.0,None
26856,0.0,None
26865,0.0,None
26867,0.0,None
26872,0.0,None
26878,0.0,None
26880,0.0,None
26978,1.0,"[""E15"",""E30-E35""]"
26982,0.0,None
26983,0.0,None
26984,0.0,None
27034,0.0,None
27166,0.0,None
27341,0.0,None
27342,0.0,None
27344,0.0,None
27345,0.0,None
27346,0.0,None
27347,0.0,None
27348,0.0,None
27349,0.0,None
27366,0.0,None
27372,0.0,None
27379,0.0,None
27382,0.0,None
27384,0.0,None
27385,1.0,"[""E30-E35""]"
27386,0.0,None
27391,1.0,"[""E20-E25"",""E30-E35"",""E40-Plus""]"
27396,0.0,None
27399,1.0,"[""E30-E35""]"
27404,1.0,"[""E15"",""E30-E35"",""E40-Plus""]"
27405,1.0,"[""E15""]"
27416,0.0,None
27427,1.0,"[""E15""]"
27428,1.0,"[""E15""]"
27429,1.0,"[""E40-Plus""]"
27432,1.0,"[""E15""]"
27434,1.0,"[""E15""]"
27442,1.0,"[""E30-E35""]"
27574,1.0,"[""E20-E25"",""E30-E35""]"
27590,1.0,"[""E15""]"
27599,1.0,"[""E15""]"
27846,0.0,None
27849,1.0,"[""E15""]"
27853,0.0,None
27987,0.0,None
27989,1.0,"[""E30-E35""]"
27990,1.0,"[""E30-E35""]"
27999,0.0,None
28000,0.0,None
28115,0.0,None
28202,1.0,"[""E30-E35""]"
28203,1.0,"[""E15""]"
28213,0.0,None
28217,0.0,None
28220,0.0,None
28288,1.0,"[""E15""]"
28289,0.0,None
28295,0.0,None
28299,0.0,None
28301,0.0,None
28307,0.0,None
28310,0.0,None
28317,0.0,None
28323,0.0,None
28326,1.0,"[""E15"",""E30-E35""]"
28327,1.0,"[""E15"",""E20-E25"",""E30-E35""]"
28330,1.0,"[""E40-Plus""]"
28335,1.0,"[""E15"",""E20-E25"",""E30-E35"",""E40-Plus""]"
28337,0.0,None
28338,1.0,"[""E15"",""E30-E35""]"
28340,1.0,"[""E15""]"
28342,1.0,"[""E15"",""E30-E35""]"
28343,1.0,"[""E15"",""E30-E35""]"
28423,1.0,"[""E15""]"
28633,1.0,"[""E15"",""E30-E35""]"
28634,1.0,"[""E20-E25"",""E30-E35""]"
28635,1.0,"[""E40-Plus""]"
28636,1.0,"[""E15"",""E30-E35""]"
28637,1.0,"[""E15""]"
28651,0.0,None
28654,1.0,"[""E15"",""E30-E35""]"
28667,1.0,"[""E15"",""E20-E25"",""E30-E35""]"
28765,0.0,None
28770,0.0,None
28773,1.0,"[""E15"",""E40-Plus""]"
28776,1.0,"[""E15"",""E30-E35""]"
28790,1.0,"[""E15"",""E20-E25"",""E30-E35"",""E40-Plus""]"
28791,0.0,None
28795,0.0,None
28973,0.0,None
28974,0.0,None
28976,1.0,"[""E15"",""E30-E35""]"
28985,1.0,"[""E20-E25"",""E30-E35""]"
28988,1.0,"[""E15"",""E30-E35""]"
28992,0.0,None
28994,1.0,"[""E15"",""E30-E35""]"
28998,0.0,None
29008,0.0,None
29009,0.0,None
29016,1.0,"[""E15""]"
29174,0.0,None
29176,0.0,None
29180,0.0,None
29184,1.0,"[""E15""]"
29193,1.0,"[""E30-E35""]"
29194,1.0,"[""E30-E35""]"
29287,0.0,None
29379,0.0,None
29386,0.0,None
29387,0.0,None
29388,0.0,None
29389,0.0,None
29390,0.0,None
29391,0.0,None
29393,0.0,None
29394,0.0,None
29395,0.0,None
29396,1.0,"[""E15""]"
29401,1.0,"[""E30-E35""]"
29402,0.0,None
29406,0.0,None
29409,0.0,None
29411,0.0,None
29414,0.0,None
29419,0.0,None
29423,1.0,"[""E30-E35""]"
29424,0.0,None
29425,0.0,None
29430,0.0,None
29435,0.0,None
29526,0.0,None
29527,0.0,None
29528,0.0,None
29531,0.0,None
29591,0.0,None
29639,0.0,None
29659,0.0,None
29660,0.0,None
29661,1.0,"[""E20-E25""]"
29666,0.0,None
29667,0.0,None
29668,1.0,"[""E40-Plus""]"
29671,0.0,None
29678,0.0,None
29832,0.0,None
29834,0.0,None
29836,1.0,"[""E15""]"
29837,0.0,None
29841,0.0,None
29845,0.0,None
29847,0.0,None
29848,0.0,None
29854,0.0,None
29855,0.0,None
29859,0.0,None
29860,0.0,None
30013,0.0,None
30014,1.0,"[""E15""]"
30015,1.0,"[""E15""]"
30016,1.0,"[""E15""]"
30017,0.0,None
30034,1.0,"[""E15""]"
30037,1.0,"[""E15""]"
30039,1.0,"[""E40-Plus""]"
30041,0.0,None
30042,1.0,"[""E15"",""E30-E35""]"
30044,0.0,None
30047,0.0,None
30051,0.0,None
30053,1.0,"[""E40-Plus""]"
30055,1.0,"[""E40-Plus""]"
30056,1.0,"[""E20-E25"",""E30-E35""]"
30060,1.0,"[""E20-E25"",""E30-E35"",""E40-Plus""]"
30067,0.0,None
30069,0.0,None
30070,0.0,None
30071,0.0,None
30074,0.0,None
30075,0.0,None
30076,1.0,"[""E15""]"
30086,0.0,None
30089,1.0,"[""E15""]"
30102,1.0,"[""E15""]"
30200,0.0,None
30230,0.0,None
30233,0.0,None
30234,0.0,None
30235,0.0,None
30236,0.0,None
30238,0.0,None
30241,0.0,None
30242,1.0,"[""E15""]"
30245,0.0,None
30246,0.0,None
30247,0.0,None
30248,0.0,None
30249,0.0,None
30250,0.0,None
30251,0.0,None
30252,0.0,None
30253,0.0,None
30256,1.0,"[""E15"",""E30-E35""]"
30257,0.0,None
30262,0.0,None
30266,1.0,"[""E15""]"
30268,0.0,None
30275,0.0,None
30276,0.0,None
30277,0.0,None
30282,0.0,None
30284,0.0,None
30393,1.0,"[""E15"",""E30-E35""]"
30397,0.0,None
30448,0.0,None
30461,0.0,None
30463,0.0,None
30507,0.0,None
30536,0.0,None
30540,0.0,None
30542,0.0,None
30546,1.0,"[""E15"",""E30-E35""]"
30642,0.0,None
30704,0.0,None
30707,0.0,None
30709,0.0,None
30714,0.0,None
30716,0.0,None
30739,0.0,None
30740,0.0,None
30741,0.0,None
30742,0.0,None
30743,1.0,"[""E15""]"
30744,0.0,None
30745,0.0,None
30746,0.0,None
30747,0.0,None
30748,0.0,None
30749,0.0,None
30750,0.0,None
30751,0.0,None
30752,0.0,None
30753,0.0,None
30754,0.0,None
30755,0.0,None
30756,0.0,None
30757,0.0,None
30758,0.0,None
30759,0.0,None
30760,0.0,None
30762,0.0,None
30763,0.0,None
30764,0.0,None
30765,0.0,None
30766,0.0,None
30767,0.0,None
30768,0.0,None
30769,0.0,None
30770,0.0,None
30771,0.0,None
30840,0.0,None
30844,0.0,None
30846,1.0,"[""E15"",""E30-E35"",""E40-Plus""]"
30850,1.0,"[""E20-E25"",""E30-E35"",""E40-Plus""]"
30934,1.0,"[""E15""]"
30935,1.0,"[""E15""]"
30940,0.0,None
30965,0.0,None
30976,0.0,None
30977,0.0,None
30978,0.0,None
31059,0.0,None
31060,0.0,None
31158,1.0,"[""E15"",""E30-E35""]"
31174,1.0,"[""E20-E25"",""E30-E35""]"
31195,0.0,None
31200,0.0,None
31211,0.0,None
31239,0.0,None
31240,0.0,None
31242,0.0,None
31243,0.0,None
31248,0.0,None
31249,0.0,None
31251,0.0,None
31252,0.0,None
31253,1.0,"[""E15"",""E30-E35""]"
31336,1.0,"[""E15""]"
31337,1.0,"[""E15"",""E30-E35""]"
31338,1.0,"[""E15"",""E30-E35""]"
31339,0.0,None
31460,0.0,None
31488,0.0,None
31530,0.0,None
31532,0.0,None
31533,0.0,None
31534,0.0,None
31535,0.0,None
31536,0.0,None
31538,0.0,None
31540,0.0,None
31541,0.0,None
31613,0.0,None
31614,0.0,None
31615,0.0,None
31616,0.0,None
31619,0.0,None
31620,1.0,"[""E15""]"
31622,0.0,None
31623,0.0,None
31624,1.0,"[""E15""]"
31625,1.0,"[""E15""]"
31667,1.0,"[""E15""]"
31668,0.0,None
31669,0.0,None
31670,1.0,"[""E15""]"
31671,0.0,None
31672,0.0,None
31677,1.0,"[""E15""]"
31704,1.0,"[""E15""]"
31722,0.0,None
31725,1.0,"[""E30-E35""]"
31726,1.0,"[""E15""]"
31727,1.0,"[""E30-E35""]"
31729,0.0,None
31734,0.0,None
31735,0.0,None
31736,1.0,"[""E15""]"
31737,1.0,"[""E15""]"
31738,1.0,"[""E15""]"
31739,0.0,None
31785,0.0,None
31787,0.0,None
31789,0.0,None
31791,0.0,None
31865,0.0,None
31943,0.0,None
31950,0.0,None
31951,0.0,None
31952,0.0,None
31976,0.0,None
32103,0.0,None
32105,0.0,None
32106,0.0,None
32110,0.0,None
32111,1.0,"[""E15"",""E30-E35""]"
32112,0.0,None
32114,0.0,None
32115,0.0,None
32116,0.0,None
32187,0.0,None
32188,0.0,None
32234,1.0,"[""E15""]"
32238,0.0,None
32275,0.0,None
32279,0.0,None
32368,0.0,None
32369,0.0,None
32372,0.0,None
32401,1.0,"[""E15""]"
32402,0.0,None
32404,0.0,None
32406,0.0,None
32409,0.0,None
32410,0.0,None
32411,0.0,None
32448,0.0,None
32451,0.0,None
32460,0.0,None
32463,0.0,None
32521,0.0,None
32522,0.0,None
32524,1.0,"[""E15""]"
32525,1.0,"[""E15""]"
32527,0.0,None
32567,1.0,"[""E15""]"
32568,0.0,None
32569,0.0,None
32580,0.0,None
32582,0.0,None
32583,0.0,None
32584,0.0,None
32585,0.0,None
32589,0.0,None
32590,0.0,None
32592,1.0,"[""E15"",""E30-E35""]"
32593,1.0,"[""E15""]"
32595,0.0,None
32617,0.0,None
32623,0.0,None
32625,0.0,None
32627,0.0,None
32633,1.0,"[""E15""]"
32648,0.0,None
32677,0.0,None
32682,0.0,None
32684,0.0,None
32685,0.0,None
32699,0.0,None
32700,0.0,None
32726,0.0,None
32728,1.0,"[""E15"",""E30-E35""]"
32735,1.0,"[""E15"",""E30-E35""]"
32736,0.0,None
32739,0.0,None
32743,0.0,None
32748,0.0,None
32752,0.0,None
32899,1.0,"[""E15""]"
32900,0.0,None
32902,0.0,None
32903,0.0,None
32904,0.0,None
32905,0.0,None
32906,1.0,"[""E30-E35""]"
32907,0.0,None
32912,0.0,None
32917,0.0,None
32920,0.0,None
32921,1.0,"[""E30-E35""]"
32922,0.0,None
32923,0.0,None
32925,1.0,"[""E30-E35""]"
32931,0.0,None
32951,0.0,None
32952,0.0,None
32954,0.0,None
32956,0.0,None
32958,0.0,None
32974,0.0,None
32975,0.0,None
32976,0.0,None
32977,0.0,None
32979,0.0,None
32980,1.0,"[""E15"",""E20-E25""]"
32981,0.0,None
32983,0.0,None
32984,0.0,None
32985,0.0,None
32986,0.0,None
32987,0.0,None
32999,1.0,"[""E15""]"
33001,0.0,None
33003,0.0,None
33010,0.0,None
33012,0.0,None
33018,0.0,None
33020,0.0,None
33025,0.0,None
33028,0.0,None
33030,1.0,"[""E15""]"
33031,1.0,"[""E15""]"
33041,0.0,None
33049,0.0,None
33051,0.0,None
33067,0.0,None
33068,0.0,None
33069,1.0,"[""E30-E35""]"
33072,0.0,None
33084,0.0,None
33085,0.0,None
33086,0.0,None
33087,0.0,None
33088,0.0,None
33089,0.0,None
33120,0.0,None
33121,1.0,"[""E15"",""E30-E35""]"
33150,0.0,None
33151,0.0,None
33152,0.0,None
33157,0.0,None
33158,0.0,None
33159,0.0,None
33161,0.0,None
33162,0.0,None
33194,0.0,None
33196,0.0,None
33197,0.0,None
33198,0.0,None
33199,0.0,None
33213,0.0,None
33214,0.0,None
33219,0.0,None
33221,0.0,None
33222,1.0,"[""E15""]"
33225,1.0,"[""E15""]"
33232,0.0,None
33233,1.0,"[""E15""]"
33234,0.0,None
33246,0.0,None
33263,1.0,"[""E15"",""E30-E35""]"
33268,1.0,"[""E20-E25"",""E30-E35""]"
33269,1.0,"[""E15"",""E20-E25"",""E30-E35""]"
33271,0.0,None
33272,0.0,None
33273,0.0,None
33277,1.0,"[""E15""]"
33283,0.0,None
33284,1.0,"[""E15""]"
33286,0.0,None
33292,1.0,"[""E15"",""E30-E35""]"
33296,0.0,None
33298,0.0,None
33301,1.0,"[""E20-E25"",""E30-E35"",""E40-Plus""]"
33302,1.0,"[""E15"",""E30-E35""]"
33325,0.0,None
33338,0.0,None
33343,0.0,None
33344,0.0,None
33357,0.0,None
33359,0.0,None
33374,1.0,"[""E30-E35""]"
33388,0.0,None
33397,0.0,None
33399,0.0,None
33402,0.0,None
33403,0.0,None
33404,0.0,None
33435,0.0,None
33442,0.0,None
33443,0.0,None
33448,0.0,None
33449,0.0,None
33451,1.0,"[""E15"",""E30-E35""]"
33453,0.0,None
33456,1.0,"[""E15"",""E30-E35""]"
33457,1.0,"[""E15""]"
33493,0.0,None
33497,0.0,None
33501,1.0,"[""E15"",""E30-E35""]"
33503,0.0,None
33508,1.0,"[""E15"",""E40-Plus""]"
33509,0.0,None
33511,0.0,None
33653,0.0,None
33654,0.0,None
33655,0.0,None
33659,0.0,None
33660,0.0,None
33665,0.0,None
33674,0.0,None
33676,0.0,None
33712,0.0,None
33727,1.0,"[""E15"",""E20-E25"",""E30-E35""]"
33735,0.0,None
33736,0.0,None
33739,0.0,None
33740,0.0,None
33741,0.0,None
33742,0.0,None
33744,0.0,None
33746,0.0,None
33755,0.0,None
33768,0.0,None
33769,0.0,None
33776,0.0,None
33777,0.0,None
33778,0.0,None
33783,0.0,None
33784,0.0,None
33788,0.0,None
33797,1.0,"[""E15"",""E20-E25"",""E30-E35""]"
33799,0.0,None
33801,0.0,None
33805,0.0,None
33807,0.0,None
33808,0.0,None
33809,0.0,None
33811,0.0,None
33812,0.0,None
33813,1.0,"[""E15""]"
33822,0.0,None
33828,0.0,None
33829,1.0,"[""E15""]"
33832,1.0,"[""E15""]"
33834,0.0,None
33838,1.0,"[""E15"",""E30-E35""]"
33842,1.0,"[""E15"",""E30-E35""]"
33845,0.0,None
33847,0.0,None
33849,0.0,None
33851,0.0,None
33860,0.0,None
33861,0.0,None
33862,0.0,None
33863,0.0,None
33864,0.0,None
33867,0.0,None
33868,1.0,"[""E40-Plus""]"
33902,0.0,None
33903,0.0,None
33904,0.0,None
33908,0.0,None
33910,0.0,None
33930,0.0,None
33934,0.0,None
33935,1.0,"[""E30-E35""]"
33936,0.0,None
33940,0.0,None
33969,0.0,None
34186,0.0,None
34187,0.0,None
34207,0.0,None
34216,0.0,None
34223,0.0,None
34263,1.0,"[""E15""]"
34264,1.0,"[""E15""]"
34265,0.0,None
34267,1.0,"[""E15""]"
34268,1.0,"[""E15""]"
34269,0.0,None
34271,0.0,None
34272,0.0,None
34275,0.0,None
34276,1.0,"[""E15""]"
34277,1.0,"[""E15""]"
34278,1.0,"[""E15""]"
34279,0.0,None
34280,0.0,None
34281,0.0,None
34282,0.0,None
34283,1.0,"[""E15""]"
34288,0.0,None
34291,0.0,None
34293,0.0,None
34294,0.0,None
34295,0.0,None
34300,0.0,None
34304,0.0,None
34306,0.0,None
34339,0.0,None
34341,1.0,"[""E15""]"
34345,0.0,None
34346,0.0,None
34349,0.0,None
34351,0.0,None
34358,0.0,None
34359,0.0,None
34369,0.0,None
34370,1.0,"[""E15""]"
34373,1.0,"[""E30-E35""]"
34375,1.0,"[""E20-E25""]"
34376,1.0,"[""E15"",""E30-E35"",""E40-Plus""]"
34377,0.0,None
34379,0.0,None
34806,0.0,None
34826,0.0,None
34827,0.0,None
34833,0.0,None
34835,1.0,"[""E15""]"
34836,0.0,None
34842,1.0,"[""E30-E35""]"
34847,0.0,None
34848,0.0,None
34995,0.0,None
35002,1.0,"[""E15"",""E20-E25"",""E30-E35""]"
35005,0.0,None
35006,0.0,None
35025,0.0,None
35027,0.0,None
35043,0.0,None
35078,0.0,None
35080,1.0,"[""E15""]"
35094,0.0,None
35095,0.0,None
35096,0.0,None
35097,0.0,None
35098,1.0,"[""E15"",""E30-E35""]"
35099,0.0,None
35100,0.0,None
35111,0.0,None
35113,0.0,None
35115,0.0,None
35119,0.0,None
35187,0.0,None
35191,0.0,None
35195,0.0,None
35197,0.0,None
35201,0.0,None
35203,0.0,None
35204,0.0,None
35206,0.0,None
35207,0.0,None
35208,0.0,None
35236,0.0,None
35237,0.0,None
35247,1.0,"[""E15"",""E30-E35"",""E40-Plus""]"
35248,0.0,None
35252,1.0,"[""E15""]"
35253,0.0,None
35254,1.0,"[""E15"",""E30-E35""]"
35255,1.0,"[""E15""]"
35256,1.0,"[""E15""]"
35292,0.0,None
35416,0.0,None
35430,0.0,None
35431,0.0,None
35432,0.0,None
35433,0.0,None
35434,0.0,None
35443,1.0,"[""E15""]"
35445,0.0,None
35446,0.0,None
35447,0.0,None
35448,1.0,"[""E15""]"
35449,1.0,"[""E15""]"
35450,0.0,None
35451,1.0,"[""E15""]"
35452,0.0,None
35453,0.0,None
35454,0.0,None
35455,0.0,None
35457,0.0,None
35458,1.0,"[""E15""]"
35460,0.0,None
35462,1.0,"[""E20-E25"",""E30-E35""]"
35463,0.0,None
35464,1.0,"[""E15""]"
35465,0.0,None
35494,0.0,None
35497,0.0,None
35527,0.0,None
35528,0.0,None
35530,1.0,"[""E15""]"
35531,0.0,None
35532,0.0,None
35534,0.0,None
35535,0.0,None
35536,0.0,None
35537,0.0,None
35543,0.0,None
35545,0.0,None
35546,0.0,None
35548,0.0,None
35550,0.0,None
35553,1.0,"[""E15""]"
35554,0.0,None
35579,0.0,None
35581,0.0,None
35599,1.0,"[""E15""]"
35601,1.0,"[""E15"",""E30-E35""]"
35602,0.0,None
35603,0.0,None
35605,0.0,None
35606,0.0,None
35607,0.0,None
35608,0.0,None
35611,0.0,None
35614,0.0,None
35616,0.0,None
35617,0.0,None
35618,0.0,None
35631,1.0,"[""E15"",""E30-E35""]"
35632,0.0,None
35634,0.0,None
35635,0.0,None
35636,0.0,None
35637,0.0,None
35638,0.0,None
35643,0.0,None
35651,0.0,None
35653,1.0,"[""E40-Plus""]"
35684,0.0,None
35692,0.0,None
35700,0.0,None
35701,0.0,None
35703,1.0,"[""E15""]"
35704,0.0,None
35705,0.0,None
35706,0.0,None
35707,1.0,"[""E15""]"
35708,0.0,None
35709,0.0,None
35710,0.0,None
35711,1.0,"[""E15""]"
35712,0.0,None
35715,0.0,None
35716,0.0,None
35717,0.0,None
35721,1.0,"[""E15"",""E30-E35""]"
35722,1.0,"[""E30-E35""]"
35723,1.0,"[""E15""]"
35724,1.0,"[""E15"",""E30-E35""]"
35725,0.0,None
35793,1.0,"[""E15"",""E20-E25"",""E30-E35""]"
35795,0.0,None
35802,0.0,None
35803,0.0,None
35804,0.0,None
35805,1.0,"[""E20-E25""]"
35808,1.0,"[""E15"",""E30-E35""]"
35809,1.0,"[""E15""]"
35810,0.0,None
35811,1.0,"[""E15""]"
35813,0.0,None
35816,1.0,"[""E15""]"
35818,0.0,None
35822,0.0,None
35824,0.0,None
35825,0.0,None
35828,0.0,None
35832,0.0,None
35835,0.0,None
35836,0.0,None
35837,1.0,"[""E20-E25"",""E30-E35"",""E40-Plus""]"
35904,0.0,None
35921,0.0,None
35931,0.0,None
35944,0.0,None
35946,0.0,None
35947,0.0,None
35948,0.0,None
35949,0.0,None
35950,0.0,None
35954,1.0,"[""E15"",""E20-E25"",""E30-E35"",""E40-Plus""]"
35958,0.0,None
35963,0.0,None
35966,1.0,"[""E15"",""E30-E35""]"
35978,1.0,"[""E15""]"
35983,0.0,None
35985,0.0,None
35986,0.0,None
35990,1.0,"[""E20-E25"",""E30-E35"",""E40-Plus""]"
35993,0.0,None
36318,0.0,None
36319,0.0,None
36320,0.0,None
36321,0.0,None
36323,1.0,"[""E30-E35"",""E40-Plus""]"
36324,1.0,"[""E15""]"
36325,1.0,"[""E15"",""E30-E35""]"
36326,0.0,None
36327,0.0,None
36328,0.0,None
36330,0.0,None
36331,0.0,None
36332,0.0,None
36333,0.0,None
36334,0.0,None
36335,0.0,None
36336,0.0,None
36338,0.0,None
36340,0.0,None
36530,0.0,None
36550,0.0,None
36597,0.0,None
36599,1.0,"[""E15""]"
36600,0.0,None
36602,1.0,"[""E15"",""E30-E35""]"
36604,1.0,"[""E15""]"
36608,0.0,None
36658,1.0,"[""E30-E35"",""E40-Plus""]"
36780,0.0,None
36782,0.0,None
36784,0.0,None
36789,0.0,None
36793,0.0,None
36798,0.0,None
36799,0.0,None
36802,0.0,None
36806,1.0,"[""E15"",""E30-E35""]"
36811,0.0,None
36812,1.0,"[""E15""]"
36814,1.0,"[""E15"",""E30-E35""]"
36824,0.0,None
36842,1.0,"[""E15""]"
36843,0.0,None
36844,0.0,None
36848,0.0,None
36849,0.0,None
36854,0.0,None
36862,0.0,None
36871,1.0,"[""E30-E35""]"
36879,1.0,"[""E30-E35""]"
36883,0.0,None
36891,0.0,None
36896,0.0,None
36897,0.0,None
36898,0.0,None
36899,0.0,None
36900,0.0,None
36901,0.0,None
36904,0.0,None
36905,0.0,None
36911,0.0,None
36915,0.0,None
36916,0.0,None
36975,0.0,None
37127,0.0,None
37128,0.0,None
37131,0.0,None
37134,0.0,None
37135,1.0,"[""E15""]"
37136,1.0,"[""E15""]"
37138,0.0,None
37139,0.0,None
37141,0.0,None
37143,1.0,"[""E15"",""E30-E35""]"
37144,0.0,None
37145,1.0,"[""E30-E35""]"
37353,0.0,None
37557,0.0,None
37559,0.0,None
37560,0.0,None
37561,0.0,None
37626,0.0,None
37627,1.0,"[""E15"",""E30-E35""]"
37630,1.0,"[""E30-E35"",""E40-Plus""]"
37632,0.0,None
37633,0.0,None
37635,0.0,None
37637,0.0,None
37638,0.0,None
37640,0.0,None
37641,0.0,None
37642,1.0,"[""E15""]"
37644,0.0,None
37645,1.0,"[""E15""]"
37646,1.0,"[""E15""]"
37647,1.0,"[""E15""]"
37934,0.0,None
38035,0.0,None
38061,0.0,None
38065,1.0,"[""E15""]"
38068,0.0,None
38069,1.0,"[""E30-E35""]"
38070,0.0,None
38071,0.0,None
38072,1.0,"[""E30-E35""]"
38073,0.0,None
38075,0.0,None
38076,0.0,None
38495,0.0,None
38496,0.0,None
38497,1.0,"[""E30-E35""]"
38499,1.0,"[""E15"",""E30-E35""]"
38500,0.0,None
38501,0.0,None
38502,0.0,None
38505,0.0,None
38506,1.0,"[""E15"",""E30-E35""]"
38508,0.0,None
38511,0.0,None
38513,0.0,None
39200,0.0,None
39201,0.0,None
39203,0.0,None
39204,1.0,"[""E15""]"
39208,0.0,None
39210,0.0,None
39211,0.0,None
39213,0.0,None
39216,0.0,None
39218,0.0,None
39219,0.0,None
39220,0.0,None
39221,0.0,None
39222,1.0,"[""E15""]"
39225,0.0,None
39226,0.0,None
39227,0.0,None
39228,0.0,None
39230,1.0,"[""E15""]"
39231,1.0,"[""E15""]"
39679,0.0,None
39682,0.0,None
39683,0.0,None
39684,1.0,"[""E15""]"
39686,1.0,"[""E15""]"
39687,1.0,"[""E15""]"
39689,0.0,None
39690,0.0,None
39691,0.0,None
39692,0.0,None
39693,0.0,None
39694,0.0,None
39697,1.0,"[""E15""]"
39704,1.0,"[""E15""]"
40075,0.0,None
40098,1.0,"[""E30-E35""]"
40324,0.0,None
40325,0.0,None
40326,0.0,None
40331,0.0,None
40334,0.0,None
40340,0.0,None
40342,0.0,None
40343,1.0,"[""E15""]"
40346,0.0,None
40347,0.0,None
40348,0.0,None
40349,0.0,None
40350,0.0,None
40351,0.0,None
40352,0.0,None
40353,0.0,None
40359,1.0,"[""E30-E35""]"
40528,0.0,None
40630,1.0,"[""E30-E35""]"
40632,0.0,None
40636,0.0,None
40639,0.0,None
40640,0.0,None
40698,0.0,None
40699,0.0,None
40885,1.0,"[""E15""]"
40887,0.0,None
40888,0.0,None
40889,0.0,None
40890,0.0,None
40895,0.0,None
41179,0.0,None
41183,0.0,None
41184,1.0,"[""E15""]"
41185,1.0,"[""E30-E35""]"
41186,0.0,None
41188,0.0,None
41191,1.0,"[""E15""]"
41198,1.0,"[""E15""]"
41199,0.0,None
41201,0.0,None
41202,0.0,None
41204,0.0,None
41405,0.0,None
41614,0.0,None
41712,0.0,None
41713,0.0,None
41737,0.0,None
41738,0.0,None
41739,0.0,None
41740,0.0,None
41741,0.0,None
41742,0.0,None
41743,0.0,None
41744,0.0,None
41745,0.0,None
41747,0.0,None
41748,0.0,None
41749,0.0,None
41750,0.0,None
41898,0.0,None
41900,0.0,None
41971,0.0,None
42076,0.0,None
42097,1.0,"[""E15"",""E30-E35""]"
42098,1.0,"[""E15"",""E30-E35""]"
42099,0.0,None
42100,0.0,None
42107,0.0,None
42459,0.0,None
42612,1.0,"[""E15""]"
42615,0.0,None
42616,0.0,None
42617,0.0,None
42619,0.0,None
42620,0.0,None
42621,0.0,None
42622,0.0,None
42627,0.0,None
42628,0.0,None
42629,0.0,None
42630,0.0,None
42633,0.0,None
42882,0.0,None
43113,1.0,"[""E15""]"
43114,1.0,"[""E20-E25""]"
43115,0.0,None
43118,0.0,None
43555,0.0,None
43572,0.0,None
43735,0.0,None
43736,1.0,"[""E40-Plus""]"
44654,0.0,None
44853,0.0,None
44854,1.0,"[""E15""]"
44855,0.0,None
44857,0.0,None
44858,0.0,None
44859,0.0,None
44860,0.0,None
44861,1.0,"[""E15""]"
44862,1.0,"[""E15""]"
44863,1.0,"[""E15""]"
44866,0.0,None
44868,0.0,None
46350,0.0,None
46351,0.0,None
46352,0.0,None
46353,1.0,"[""E15""]"
46354,1.0,"[""E15"",""E30-E35""]"
46355,1.0,"[""E15"",""E20-E25"",""E40-Plus""]"
46357,0.0,None
46358,1.0,"[""E15"",""E30-E35""]"
46360,0.0,None
46361,0.0,None
47229,0.0,None
47303,0.0,None
47308,1.0,"[""E15""]"
47309,1.0,"[""E15""]"
47310,0.0,None
47311,0.0,None
47314,1.0,"[""E30-E35""]"
47315,1.0,"[""E15"",""E30-E35""]"
47316,1.0,"[""E15"",""E30-E35""]"
47451,1.0,"[""E30-E35""]"
48016,0.0,None
48018,0.0,None
48020,0.0,None
48022,0.0,None
48023,1.0,"[""E20-E25""]"
48024,0.0,None
48026,0.0,None
48522,0.0,None
48533,1.0,"[""E15""]"
48535,0.0,None
48537,0.0,None
48538,0.0,None
48541,0.0,None
48545,0.0,None
48550,0.0,None
48551,1.0,"[""E30-E35""]"
48552,1.0,"[""E30-E35""]"
48553,1.0,"[""E30-E35""]"
48554,1.0,"[""E30-E35""]"
48555,0.0,None
48556,0.0,None
48557,0.0,None
48558,0.0,None
48565,0.0,None
48569,0.0,None
48576,0.0,None
48578,0.0,None
48579,0.0,None
48580,0.0,None
48927,1.0,"[""E30-E35""]"
48930,0.0,None
48933,1.0,"[""E15""]"
48934,0.0,None
48936,0.0,None
48938,0.0,None
48939,0.0,None
48943,1.0,"[""E15"",""E30-E35""]"
48946,1.0,"[""E15""]"
48947,0.0,None
48948,1.0,"[""E15""]"
48955,0.0,None
48956,0.0,None
48957,0.0,None
49303,0.0,None
49305,0.0,None
49306,1.0,"[""E20-E25"",""E30-E35"",""E40-Plus""]"
49307,1.0,"[""E15""]"
49308,1.0,"[""E15"",""E20-E25""]"
49310,0.0,None
49312,0.0,None
49313,0.0,None
49314,0.0,None
49316,0.0,None
49317,0.0,None
49318,0.0,None
49555,1.0,"[""E15""]"
49556,1.0,"[""E15""]"
49557,0.0,None
49558,1.0,"[""E15""]"
49561,0.0,None
49562,0.0,None
50112,1.0,"[""E15""]"
50113,1.0,"[""E15""]"
50114,0.0,None
50115,0.0,None
50116,0.0,None
50122,1.0,"[""E15"",""E30-E35""]"
50123,0.0,None
50290,0.0,None
50291,0.0,None
50292,0.0,None
50293,0.0,None
50295,0.0,None
50296,0.0,None
50298,0.0,None
50299,0.0,None
50300,0.0,None
50301,0.0,None
50303,1.0,"[""E15""]"
50304,1.0,"[""E15""]"
50306,0.0,None
50308,1.0,"[""E15""]"
50309,1.0,"[""E15""]"
50310,1.0,"[""E15""]"
50311,1.0,"[""E15""]"
50312,1.0,"[""E15""]"
50315,0.0,None
50316,0.0,None
50317,0.0,None
50318,0.0,None
50319,0.0,None
50320,0.0,None
50322,0.0,None
50323,0.0,None
50324,0.0,None
50325,0.0,None
50326,0.0,None
50328,0.0,None
50329,0.0,None
50330,0.0,None
50331,1.0,"[""E15""]"
50332,0.0,None
50333,1.0,"[""E15""]"
50334,1.0,"[""E15""]"
50335,0.0,None
50336,1.0,"[""E15""]"
50337,0.0,None
50338,1.0,"[""E15""]"
50341,0.0,None
50342,1.0,"[""E15""]"
50343,0.0,None
50346,0.0,None
50348,0.0,None
50349,1.0,"[""E15""]"
50350,0.0,None
50351,0.0,None
50353,0.0,None
50356,0.0,None
50358,0.0,None
50359,0.0,None
50360,1.0,"[""E15""]"
50362,1.0,"[""E30-E35""]"
50364,0.0,None
50365,1.0,"[""E15""]"
50366,1.0,"[""E15""]"
50656,0.0,None
50657,1.0,"[""E15""]"
50659,0.0,None
50661,0.0,None
50662,0.0,None
50664,1.0,"[""E30-E35""]"
50665,0.0,None
51046,1.0,"[""E15"",""E40-Plus""]"
51047,0.0,None
51048,0.0,None
51049,0.0,None
51156,0.0,None
51157,0.0,None
51158,1.0,"[""E15"",""E20-E25""]"
51159,0.0,None
51162,0.0,None
51163,0.0,None
51164,0.0,None
51165,0.0,None
51167,0.0,None
51172,0.0,None
51173,1.0,"[""E15""]"
51174,0.0,None
51175,0.0,None
51176,0.0,None
51177,0.0,None
51178,0.0,None
51180,0.0,None
51184,0.0,None
51186,0.0,None
51187,1.0,"[""E15""]"
51623,0.0,None
51624,0.0,None
51625,0.0,None
51628,1.0,"[""E15""]"
51632,1.0,"[""E15""]"
51633,1.0,"[""E15""]"
51634,1.0,"[""E15""]"
51636,1.0,"[""E15"",""E40-Plus""]"
51637,0.0,None
51639,0.0,None
51640,0.0,None
51641,1.0,"[""E15""]"
51642,1.0,"[""E15""]"
51643,0.0,None
51890,0.0,None
51894,0.0,None
51895,1.0,"[""E15"",""E30-E35""]"
51897,1.0,"[""E15"",""E30-E35"",""E40-Plus""]"
52227,0.0,None
52229,0.0,None
52230,0.0,None
52231,0.0,None
52232,0.0,None
52233,0.0,None
52234,0.0,None
52235,0.0,None
52236,0.0,None
52237,0.0,None
52238,0.0,None
52239,0.0,None
52240,0.0,None
52242,0.0,None
52244,0.0,None
52245,0.0,None
52247,0.0,None
52249,0.0,None
52250,0.0,None
52251,0.0,None
52252,1.0,"[""E30-E35""]"
52253,1.0,"[""E20-E25"",""E30-E35""]"
52254,0.0,None
52255,0.0,None
52440,0.0,None
52441,0.0,None
52509,0.0,None
52510,0.0,None
52513,0.0,None
52698,0.0,None
52701,0.0,None
52702,0.0,None
52705,1.0,"[""E15"",""E30-E35""]"
52706,0.0,None
52708,0.0,None
52709,0.0,None
52710,0.0,None
52711,0.0,None
52712,0.0,None
52713,0.0,None
53014,1.0,"[""E15"",""E20-E25"",""E30-E35""]"
53016,0.0,None
53018,0.0,None
53019,0.0,None
53020,0.0,None
53021,0.0,None
53022,0.0,None
53023,0.0,None
53024,0.0,None
53025,0.0,None
53026,0.0,None
53027,0.0,None
53029,0.0,None
53031,0.0,None
53032,0.0,None
53336,1.0,"[""E15""]"
53338,0.0,None
53339,0.0,None
53340,0.0,None
53341,0.0,None
53342,0.0,None
53343,0.0,None
53344,0.0,None
53345,0.0,None
53346,0.0,None
53348,0.0,None
53349,0.0,None
53350,0.0,None
53353,0.0,None
53354,1.0,"[""E30-E35""]"
53356,1.0,"[""E30-E35"",""E40-Plus""]"
53358,0.0,None
53360,0.0,None
53649,1.0,"[""E15""]"
53650,0.0,None
53652,0.0,None
53654,0.0,None
53655,0.0,None
53657,0.0,None
53658,1.0,"[""E15""]"
53659,0.0,None
53660,1.0,"[""E15""]"
53661,0.0,None
53662,0.0,None
53664,0.0,None
53665,0.0,None
53667,0.0,None
53787,0.0,None
53788,0.0,None
53789,0.0,None
53790,0.0,None
53791,0.0,None
53792,0.0,None
53793,0.0,None
53794,0.0,None
53795,0.0,None
53796,0.0,None
53797,0.0,None
53798,1.0,"[""E40-Plus""]"
53800,0.0,None
53801,0.0,None
53802,0.0,None
53803,0.0,None
53804,0.0,None
53805,0.0,None
53806,0.0,None
53807,0.0,None
53812,1.0,"[""E15""]"
53813,0.0,None
53814,0.0,None
53815,0.0,None
53816,0.0,None
53818,0.0,None
53819,1.0,"[""E15""]"
53820,0.0,None
53822,0.0,None
53823,0.0,None
53827,0.0,None
53830,0.0,None
53832,0.0,None
53833,0.0,None
53834,0.0,None
53835,0.0,None
53836,0.0,None
53837,0.0,None
53840,0.0,None
53843,0.0,None
53844,0.0,None
53845,0.0,None
53846,0.0,None
53847,0.0,None
53849,0.0,None
53852,0.0,None
60010,0.0,None
60067,1.0,"[""E15""]"
60086,1.0,"[""E15""]"
60214,0.0,None
60320,0.0,None
60484,1.0,"[""E15"",""E30-E35""]"
60516,0.0,None
60520,0.0,None
60521,0.0,None
60522,0.0,None
60523,0.0,None
60524,0.0,None
60535,0.0,None
60536,0.0,None
60538,0.0,None
60539,0.0,None
60540,0.0,None
60543,0.0,None
60544,0.0,None
60545,0.0,None
60546,0.0,None
60547,0.0,None
60548,0.0,None
60549,0.0,None
60550,0.0,None
60551,0.0,None
60552,0.0,None
60553,0.0,None
60554,0.0,None
60555,0.0,None
60556,0.0,None
60557,0.0,None
60558,0.0,None
60559,0.0,None
60561,0.0,None
60562,0.0,None
60563,0.0,None
60565,0.0,None
60566,0.0,None
60567,0.0,None
60568,0.0,None
60570,0.0,None
60575,0.0,None
60576,0.0,None
60577,0.0,None
60578,0.0,None
60579,0.0,None
60597,0.0,None
60598,0.0,None
60599,0.0,None
60600,1.0,"[""E15""]"
60601,0.0,None
60835,0.0,None
60964,0.0,None
60972,0.0,None
60973,0.0,None
60974,0.0,None
60975,0.0,None
60977,0.0,None
60978,0.0,None
60992,1.0,"[""E15"",""E20-E25""]"
60995,0.0,None
60996,1.0,"[""E15"",""E30-E35""]"
60997,0.0,None
60998,0.0,None
60999,0.0,None
61019,0.0,None
61138,0.0,None
61142,0.0,None
61143,0.0,None
61144,0.0,None
61145,0.0,None
61146,0.0,None
61147,0.0,None
61148,0.0,None
61149,0.0,None
61150,0.0,None
61151,0.0,None
61170,1.0,"[""E15""]"
61171,1.0,"[""E15""]"
61173,1.0,"[""E15""]"
61174,1.0,"[""E15""]"
61198,1.0,"[""E15""]"
61199,1.0,"[""E15""]"
61201,1.0,"[""E15""]"
61202,1.0,"[""E15""]"
61203,1.0,"[""E15""]"
61204,1.0,"[""E15""]"
61205,1.0,"[""E15""]"
61244,1.0,"[""E15""]"
61245,1.0,"[""E15""]"
61246,1.0,"[""E15""]"
61247,1.0,"[""E15""]"
61248,1.0,"[""E15""]"
61249,0.0,None
61250,0.0,None
61253,0.0,None
61254,0.0,None
61345,0.0,None
61391,0.0,None
61393,0.0,None
61394,0.0,None
61395,0.0,None
61398,0.0,None
61401,0.0,None
61402,0.0,None
61405,0.0,None
61539,1.0,"[""E15""]"
61540,0.0,None
61550,0.0,None
61551,0.0,None
61553,0.0,None
61554,0.0,None
61557,1.0,"[""E15"",""E30-E35""]"
61558,0.0,None
61559,0.0,None
61664,0.0,None
61665,0.0,None
61666,0.0,None
61847,0.0,None
61898,0.0,None
61899,0.0,None
61900,0.0,None
61901,0.0,None
61902,0.0,None
61906,0.0,None
61908,0.0,None
61911,0.0,None
62206,0.0,None
62258,0.0,None
62259,0.0,None
62260,1.0,"[""E15""]"
62262,0.0,None
62294,0.0,None
62319,1.0,"[""E30-E35""]"
62320,0.0,None
62472,1.0,"[""E40-Plus""]"
62536,0.0,None
62537,1.0,"[""E15""]"
62587,0.0,None
62588,0.0,None
62589,0.0,None
62590,0.0,None
62591,0.0,None
62592,0.0,None
62593,0.0,None
62594,0.0,None
62595,0.0,None
62596,0.0,None
62597,0.0,None
62598,0.0,None
62599,0.0,None
62600,0.0,None
62604,0.0,None
62617,0.0,None
62619,0.0,None
62620,0.0,None
62621,0.0,None
62671,0.0,None
62676,0.0,None
62686,0.0,None
62706,0.0,None
62778,0.0,None
62784,0.0,None
62811,0.0,None
62812,0.0,None
62868,1.0,"[""E15""]"
62871,0.0,None
62873,1.0,"[""E30-E35""]"
62874,1.0,"[""E30-E35""]"
62925,0.0,None
62926,0.0,None
62927,0.0,None
62994,1.0,"[""E15""]"
63023,0.0,None
63093,0.0,None
63111,0.0,None
63112,0.0,None
63114,0.0,None
63191,0.0,None
63192,0.0,None
63193,1.0,"[""E15"",""E20-E25"",""E30-E35""]"
63265,0.0,None
63266,1.0,"[""E30-E35""]"
63286,0.0,None
63287,0.0,None
63339,0.0,None
63375,0.0,None
63376,0.0,None
63377,0.0,None
63378,0.0,None
63379,0.0,None
63381,0.0,None
63382,0.0,None
63383,0.0,None
63384,0.0,None
63385,0.0,None
63386,0.0,None
63387,0.0,None
63388,0.0,None
63389,0.0,None
63390,0.0,None
63393,0.0,None
63394,1.0,"[""E15""]"
63396,0.0,None
63529,0.0,None
63560,0.0,None
63727,1.0,"[""E15""]"
63866,0.0,None
63868,0.0,None
64024,1.0,"[""E15""]"
64119,0.0,None
64120,0.0,None
64124,0.0,None
64125,0.0,None
64127,0.0,None
64153,0.0,None
64155,1.0,"[""E15""]"
64161,0.0,None
64162,0.0,None
64163,0.0,None
64167,0.0,None
64172,1.0,"[""E15""]"
64173,0.0,None
64175,1.0,"[""E30-E35""]"
64232,0.0,None
64249,0.0,None
64252,0.0,None
64255,0.0,None
64256,0.0,None
64257,0.0,None
64259,0.0,None
64260,0.0,None
64261,0.0,None
64262,0.0,None
64263,0.0,None
64264,0.0,None
64265,0.0,None
64285,1.0,"[""E15"",""E30-E35""]"
64286,0.0,None
64287,0.0,None
64308,0.0,None
64309,0.0,None
64310,0.0,None
64312,0.0,None
64313,0.0,None
64314,1.0,"[""E15""]"
64315,0.0,None
64316,0.0,None
64317,1.0,"[""E15""]"
64330,0.0,None
64358,0.0,None
64359,0.0,None
64360,0.0,None
64366,0.0,None
64379,0.0,None
64380,0.0,None
64497,0.0,None
64499,0.0,None
64518,0.0,None
64520,1.0,"[""E30-E35""]"
64747,1.0,"[""E15""]"
64769,0.0,None
64770,0.0,None
64784,0.0,None
64788,0.0,None
64791,0.0,None
64793,1.0,"[""E15"",""E30-E35""]"
64794,1.0,"[""E15"",""E30-E35""]"
64795,0.0,None
64803,0.0,None
64804,0.0,None
64805,0.0,None
64820,0.0,None
64822,0.0,None
64823,0.0,None
64826,1.0,"[""E15"",""E30-E35""]"
64828,0.0,None
64829,0.0,None
64830,0.0,None
64831,0.0,None
64857,1.0,"[""E20-E25"",""E30-E35""]"
64858,1.0,"[""E15""]"
64881,1.0,"[""E15"",""E30-E35""]"
64892,1.0,"[""E15"",""E30-E35""]"
64897,1.0,"[""E15""]"
64898,0.0,None
64899,0.0,None
64902,0.0,None
64905,1.0,"[""E15""]"
64906,1.0,"[""E15""]"
64908,1.0,"[""E15""]"
64909,1.0,"[""E15""]"
64910,1.0,"[""E15""]"
64911,1.0,"[""E30-E35""]"
65017,1.0,"[""E30-E35""]"
65044,0.0,None
65255,0.0,None
65256,1.0,"[""E15""]"
65257,0.0,None
65258,0.0,None
65264,0.0,None
65305,0.0,None
65315,0.0,None
65331,0.0,None
65347,1.0,"[""E15""]"
65348,1.0,"[""E15""]"
65349,1.0,"[""E15""]"
65350,0.0,None
65352,1.0,"[""E15""]"
65353,0.0,None
65357,0.0,None
65481,1.0,"[""E15"",""E20-E25"",""E30-E35""]"
65584,0.0,None
65585,0.0,None
65586,0.0,None
65587,0.0,None
65588,0.0,None
65589,0.0,None
65590,0.0,None
65591,0.0,None
65592,0.0,None
65593,0.0,None
65594,0.0,None
65595,0.0,None
65596,0.0,None
65597,0.0,None
65598,0.0,None
65599,0.0,None
65600,0.0,None
65601,0.0,None
65602,0.0,None
65603,0.0,None
65604,0.0,None
65605,0.0,None
65606,0.0,None
65607,0.0,None
65608,0.0,None
65610,0.0,None
65611,0.0,None
65612,0.0,None
65613,0.0,None
65614,0.0,None
65615,0.0,None
65616,0.0,None
65617,0.0,None
65618,0.0,None
65620,0.0,None
65621,0.0,None
65622,0.0,None
65623,0.0,None
65625,0.0,None
65626,0.0,None
65627,0.0,None
65628,1.0,"[""E15""]"
65630,0.0,None
65631,0.0,None
65632,0.0,None
65770,0.0,None
65771,0.0,None
65799,0.0,None
65803,1.0,"[""E15"",""E30-E35"",""E40-Plus""]"
65805,1.0,"[""E15""]"
65806,1.0,"[""E15"",""E30-E35""]"
65807,0.0,None
65810,0.0,None
65811,1.0,"[""E15"",""E30-E35""]"
65812,1.0,"[""E15""]"
65813,0.0,None
65841,1.0,"[""E15""]"
65842,1.0,"[""E15""]"
65843,1.0,"[""E15""]"
65844,1.0,"[""E15""]"
65845,0.0,None
65846,0.0,None
65847,1.0,"[""E15""]"
65848,1.0,"[""E15""]"
65849,1.0,"[""E15""]"
65850,1.0,"[""E15""]"
65851,1.0,"[""E15""]"
65852,1.0,"[""E15""]"
65960,0.0,None
66291,1.0,"[""E20-E25"",""E40-Plus""]"
66292,1.0,"[""E15""]"
66293,0.0,None
66333,1.0,"[""E20-E25"",""E30-E35""]"
66334,1.0,"[""E20-E25"",""E30-E35""]"
66369,0.0,None
66370,0.0,None
66371,0.0,None
66372,0.0,None
66373,0.0,None
66374,0.0,None
66375,0.0,None
66376,0.0,None
66377,0.0,None
66378,0.0,None
66379,0.0,None
66380,0.0,None
66381,0.0,None
66383,0.0,None
66384,0.0,None
66406,0.0,None
66407,1.0,"[""E20-E25"",""E30-E35""]"
66440,0.0,None
66441,1.0,"[""E15""]"
66442,1.0,"[""E15""]"
66443,1.0,"[""E15""]"
66444,1.0,"[""E15""]"
66445,1.0,"[""E15""]"
66446,1.0,"[""E15""]"
66447,1.0,"[""E15""]"
66448,1.0,"[""E15""]"
66449,1.0,"[""E15""]"
66450,1.0,"[""E15""]"
66451,1.0,"[""E15""]"
66452,1.0,"[""E15""]"
66453,1.0,"[""E15""]"
66454,1.0,"[""E15""]"
66455,1.0,"[""E15""]"
66456,1.0,"[""E15""]"
66457,1.0,"[""E15""]"
66458,0.0,None
66469,0.0,None
66472,0.0,None
66477,0.0,None
66478,0.0,None
66544,0.0,None
66635,1.0,"[""E15""]"
66661,0.0,None
66662,0.0,None
66706,1.0,"[""E15""]"
66795,0.0,None
66900,0.0,None
66930,0.0,None
67022,0.0,None
67079,1.0,"[""E40-Plus""]"
67109,0.0,None
67123,0.0,None
67188,0.0,None
67189,1.0,"[""E15""]"
67273,0.0,None
67274,0.0,None
67275,0.0,None
67276,0.0,None
67277,0.0,None
67278,0.0,None
67279,0.0,None
67280,0.0,None
67281,0.0,None
67282,0.0,None
67283,0.0,None
67329,1.0,"[""E15"",""E30-E35""]"
67332,1.0,"[""E15"",""E40-Plus""]"
67334,0.0,None
67335,0.0,None
67336,0.0,None
67641,1.0,"[""E20-E25"",""E30-E35""]"
67644,0.0,None
67645,0.0,None
67646,0.0,None
67768,0.0,None
67802,0.0,None
67803,0.0,None
67829,0.0,None
67962,0.0,None
67963,0.0,None
67968,0.0,None
67983,0.0,None
67998,0.0,None
68014,1.0,"[""E15""]"
68016,0.0,None
68025,0.0,None
68145,0.0,None
68189,1.0,"[""E15""]"
68233,0.0,None
68234,0.0,None
68235,0.0,None
68236,1.0,"[""E15"",""E30-E35""]"
68247,0.0,None
68496,1.0,"[""E40-Plus""]"
68536,0.0,None
68540,0.0,None
68547,0.0,None
68553,0.0,None
68566,0.0,None
68573,1.0,"[""E15"",""E20-E25"",""E30-E35""]"
68574,0.0,None
68612,0.0,None
68613,0.0,None
68745,0.0,None
69024,1.0,"[""E15""]"
69027,1.0,"[""E20-E25""]"
69083,0.0,None
69129,0.0,None
69130,1.0,"[""E15"",""E30-E35""]"
69132,0.0,None
69133,0.0,None
69134,0.0,None
69201,1.0,"[""E30-E35""]"
69202,1.0,"[""E15""]"
69214,0.0,None
69215,0.0,None
69611,0.0,None
69612,0.0,None
69619,0.0,None
69621,0.0,None
69765,0.0,None
69766,0.0,None
69767,0.0,None
69769,0.0,None
69770,0.0,None
69773,0.0,None
69774,0.0,None
69775,0.0,None
69778,0.0,None
69779,0.0,None
69780,0.0,None
69782,0.0,None
69783,0.0,None
69784,0.0,None
69785,0.0,None
69786,0.0,None
69788,0.0,None
69789,0.0,None
69791,0.0,None
69794,0.0,None
69795,0.0,None
69797,0.0,None
69798,0.0,None
69799,0.0,None
69800,0.0,None
69801,0.0,None
69965,1.0,"[""E15""]"
70116,0.0,None
70554,0.0,None
70614,1.0,"[""E15""]"
70615,0.0,None
70618,0.0,None
70619,0.0,None
70620,0.0,None
70861,0.0,None
70891,1.0,"[""E15""]"
70895,0.0,None
71058,0.0,None
71078,1.0,"[""E15""]"
71080,0.0,None
71235,1.0,"[""E15"",""E30-E35""]"
71422,0.0,None
71424,1.0,"[""E15""]"
71426,0.0,None
71429,0.0,None
71430,0.0,None
71431,1.0,"[""E15""]"
71484,0.0,None
71485,1.0,"[""E15""]"
71606,1.0,"[""E15""]"
71607,0.0,None
71608,0.0,None
71609,0.0,None
71610,0.0,None
71611,0.0,None
71615,0.0,None
71618,1.0,"[""E15""]"
71619,0.0,None
71622,0.0,None
71623,0.0,None
71914,1.0,"[""E15""]"
71915,1.0,"[""E15""]"
71916,1.0,"[""E15""]"
72031,0.0,None
72095,0.0,None
72324,0.0,None
72325,0.0,None
72326,0.0,None
72327,0.0,None
72366,0.0,None
72399,0.0,None
72400,1.0,"[""E15""]"
72401,1.0,"[""E15"",""E30-E35""]"
72402,1.0,"[""E30-E35""]"
72403,1.0,"[""E15""]"
72404,1.0,"[""E15""]"
72405,1.0,"[""E15""]"
72406,1.0,"[""E15""]"
72407,0.0,None
72528,1.0,"[""E15""]"
72603,0.0,None
72651,0.0,None
72652,0.0,None
73149,1.0,"[""E15""]"
73151,0.0,None
73152,0.0,None
73153,0.0,None
73182,0.0,None
73183,0.0,None
73184,0.0,None
73185,0.0,None
73186,0.0,None
73187,0.0,None
73188,0.0,None
73190,0.0,None
73191,0.0,None
73192,0.0,None
73241,0.0,None
73285,1.0,"[""E15""]"
73286,1.0,"[""E15""]"
73448,0.0,None
73449,0.0,None
73450,0.0,None
73481,0.0,None
73482,0.0,None
73483,0.0,None
73484,0.0,None
73485,0.0,None
73486,0.0,None
73487,0.0,None
73488,0.0,None
73489,0.0,None
73490,0.0,None
73491,0.0,None
73493,0.0,None
73494,0.0,None
73495,0.0,None
73497,0.0,None
73543,1.0,"[""E15""]"
73544,0.0,None
73545,1.0,"[""E15""]"
73546,0.0,None
73547,1.0,"[""E15""]"
73548,1.0,"[""E15""]"
73550,1.0,"[""E15""]"
73551,1.0,"[""E15""]"
73552,0.0,None
73553,1.0,"[""E15""]"
73554,1.0,"[""E15""]"
73555,1.0,"[""E15""]"
73556,1.0,"[""E15""]"
73557,1.0,"[""E15""]"
73558,1.0,"[""E15""]"
73559,1.0,"[""E15""]"
73560,1.0,"[""E15""]"
73562,1.0,"[""E15""]"
73563,1.0,"[""E15""]"
73564,1.0,"[""E15""]"
73565,1.0,"[""E15""]"
73566,1.0,"[""E15""]"
73567,0.0,None
73568,1.0,"[""E15""]"
73569,1.0,"[""E15""]"
73570,1.0,"[""E15""]"
73571,1.0,"[""E15""]"
73572,0.0,None
73573,0.0,None
73574,0.0,None
73575,0.0,None
73576,0.0,None
73578,0.0,None
73579,0.0,None
73580,0.0,None
73581,0.0,None
73582,0.0,None
73583,0.0,None
73584,0.0,None
73585,0.0,None
73586,0.0,None
73587,0.0,None
73588,0.0,None
73589,0.0,None
73590,0.0,None
73591,0.0,None
73592,0.0,None
73593,0.0,None
73594,0.0,None
73595,0.0,None
73597,0.0,None
73598,0.0,None
73599,0.0,None
73600,0.0,None
73601,0.0,None
73602,0.0,None
73603,0.0,None
73604,0.0,None
73605,0.0,None
73606,0.0,None
73670,0.0,None
73672,0.0,None
73673,0.0,None
73674,0.0,None
73675,0.0,None
73676,0.0,None
73677,0.0,None
73701,1.0,"[""E15""]"
73886,0.0,None
73887,0.0,None
73888,1.0,"[""E15""]"
73889,1.0,"[""E15""]"
73890,0.0,None
73891,0.0,None
73892,0.0,None
73893,0.0,None
73895,0.0,None
73896,0.0,None
74082,1.0,"[""E15""]"
74744,0.0,None
75007,0.0,None
75010,0.0,None
75108,0.0,None
75309,1.0,"[""E15""]"
75385,1.0,"[""E15"",""E30-E35""]"
75386,0.0,None
75387,0.0,None
75388,0.0,None
75389,0.0,None
75646,0.0,None
75691,0.0,None
75713,0.0,None
75714,0.0,None
75715,0.0,None
75716,0.0,None
75717,0.0,None
75718,0.0,None
75792,0.0,None
75795,1.0,"[""E15""]"
75796,1.0,"[""E15""]"
75797,0.0,None
75798,1.0,"[""E15""]"
75800,0.0,None
76172,0.0,None
76211,1.0,"[""E15"",""E30-E35""]"
76279,0.0,None
76328,0.0,None
76543,1.0,"[""E15""]"
76544,1.0,"[""E15""]"
76850,0.0,None
76865,0.0,None
76889,0.0,None
76906,0.0,None
76927,0.0,None
76954,0.0,None
76955,0.0,None
76956,0.0,None
76958,0.0,None
76991,1.0,"[""E15""]"
77103,0.0,None
77162,0.0,None
77164,0.0,None
77165,0.0,None
77208,0.0,None
77337,0.0,None
77338,1.0,"[""E15""]"
77521,1.0,"[""E30-E35""]"
77612,0.0,None
77619,0.0,None
77620,0.0,None
78211,1.0,"[""E15""]"
78225,0.0,None
78454,0.0,None
78455,0.0,None
78456,0.0,None
78457,1.0,"[""E15""]"
78618,1.0,"[""E15""]"
78763,1.0,"[""E15"",""E30-E35""]"
78811,0.0,None
78870,0.0,None
79191,1.0,"[""E15""]"
79192,1.0,"[""E15""]"
79193,1.0,"[""E15""]"
79194,0.0,None
79273,0.0,None
79394,1.0,"[""E15""]"
79395,0.0,None
79396,1.0,"[""E15""]"
79398,1.0,"[""E30-E35""]"
79755,0.0,None
79756,0.0,None
79758,0.0,None
79935,1.0,"[""E15""]"
79993,0.0,None
80010,1.0,"[""E15""]"
80074,0.0,None
80158,0.0,None
80159,0.0,None
80160,0.0,None
80161,0.0,None
80162,0.0,None
80226,0.0,None
80441,1.0,"[""E15""]"
80442,1.0,"[""E15""]"
80481,1.0,"[""E15""]"
80511,0.0,None
80530,0.0,None
80533,1.0,"[""E15""]"
80534,1.0,"[""E15""]"
80535,1.0,"[""E15""]"
80536,1.0,"[""E15""]"
80537,1.0,"[""E15""]"
80538,1.0,"[""E15""]"
80539,1.0,"[""E15""]"
80540,1.0,"[""E15""]"
80869,0.0,None
81064,0.0,None
81065,0.0,None
81066,0.0,None
81067,0.0,None
81068,0.0,None
81069,0.0,None
81071,0.0,None
81072,0.0,None
81073,1.0,"[""E15""]"
81075,1.0,"[""E15""]"
81076,1.0,"[""E15""]"
81077,1.0,"[""E15""]"
81078,1.0,"[""E15""]"
81096,0.0,None
81097,0.0,None
81098,1.0,"[""E15""]"
81099,1.0,"[""E15""]"
81100,1.0,"[""E15""]"
81101,1.0,"[""E30-E35""]"
81102,0.0,None
81103,1.0,"[""E15""]"
81104,1.0,"[""E15""]"
81105,1.0,"[""E15""]"
81106,1.0,"[""E15"",""E30-E35""]"
81107,0.0,None
81108,1.0,"[""E15""]"
81123,1.0,"[""E30-E35""]"
81124,0.0,None
81125,1.0,"[""E15""]"
81212,1.0,"[""E15""]"
81213,1.0,"[""E15""]"
81328,0.0,None
81329,0.0,None
81330,0.0,None
81332,0.0,None
81334,0.0,None
81336,0.0,None
81338,0.0,None
81339,0.0,None
81394,1.0,"[""E15""]"
81395,0.0,None
81396,0.0,None
81397,0.0,None
81399,0.0,None
81400,0.0,None
81401,0.0,None
81402,0.0,None
81431,1.0,"[""E15""]"
81432,1.0,"[""E15""]"
81433,1.0,"[""E15""]"
81434,1.0,"[""E15""]"
81435,1.0,"[""E15""]"
81436,1.0,"[""E15""]"
81437,1.0,"[""E15""]"
81438,1.0,"[""E15""]"
81589,1.0,"[""E15"",""E40-Plus""]"
81590,0.0,None
81650,1.0,"[""E15""]"
81651,1.0,"[""E15""]"
81657,1.0,"[""E15""]"
81658,1.0,"[""E15""]"
81659,1.0,"[""E15""]"
81661,1.0,"[""E15""]"
81662,1.0,"[""E15""]"
81663,1.0,"[""E15""]"
81664,1.0,"[""E15""]"
81665,1.0,"[""E15""]"
81666,1.0,"[""E15""]"
81667,0.0,None
81730,1.0,"[""E15""]"
81731,1.0,"[""E15""]"
81732,0.0,None
81733,0.0,None
81734,1.0,"[""E15""]"
81735,1.0,"[""E15""]"
81746,1.0,"[""E15""]"
81747,1.0,"[""E15""]"
81748,1.0,"[""E15""]"
81788,1.0,"[""E15""]"
81794,1.0,"[""E15""]"
81795,0.0,None
81796,1.0,"[""E15""]"
81797,0.0,None
81798,1.0,"[""E15""]"
81799,1.0,"[""E15""]"
81800,0.0,None
81801,1.0,"[""E15"",""E30-E35""]"
81802,0.0,None
81803,1.0,"[""E15"",""E30-E35""]"
81804,1.0,"[""E15"",""E20-E25"",""E30-E35""]"
81805,1.0,"[""E15"",""E20-E25"",""E30-E35""]"
81825,0.0,None
81826,1.0,"[""E15""]"
81827,1.0,"[""E15""]"
81828,1.0,"[""E15""]"
81829,1.0,"[""E15""]"
81830,1.0,"[""E15""]"
81831,1.0,"[""E15""]"
81832,1.0,"[""E15""]"
81833,0.0,None
82099,0.0,None
82100,0.0,None
82101,0.0,None
82102,0.0,None
82103,0.0,None
82135,0.0,None
82136,0.0,None
82137,0.0,None
82138,0.0,None
82139,0.0,None
82140,0.0,None
82141,0.0,None
82142,0.0,None
82143,0.0,None
82144,0.0,None
82145,0.0,None
82146,0.0,None
82147,0.0,None
82148,0.0,None
82149,0.0,None
82245,1.0,"[""E30-E35""]"
82246,0.0,None
82247,1.0,"[""E30-E35""]"
82330,1.0,"[""E15""]"
82331,1.0,"[""E15""]"
82332,1.0,"[""E15""]"
82333,0.0,None
82358,1.0,"[""E15"",""E30-E35""]"
82359,1.0,"[""E15""]"
82360,0.0,None
82390,0.0,None
82399,1.0,"[""E15"",""E30-E35""]"
82432,1.0,"[""E15"",""E20-E25""]"
82459,0.0,None
82509,0.0,None
82645,1.0,"[""E15""]"
82793,1.0,"[""E15""]"
82794,0.0,None
85444,1.0,"[""E15""]"
85445,1.0,"[""E15""]"
85446,1.0,"[""E15""]"
85448,1.0,"[""E15""]"
85449,1.0,"[""E15""]"
85450,1.0,"[""E15""]"
85451,1.0,"[""E15""]"
85452,1.0,"[""E15""]"
85453,1.0,"[""E15""]"
85495,1.0,"[""E15""]"
85496,1.0,"[""E15""]"
85497,1.0,"[""E15""]"
85510,1.0,"[""E15""]"
85511,1.0,"[""E15""]"
85512,1.0,"[""E15""]"
85513,1.0,"[""E15""]"
85514,0.0,None
85515,1.0,"[""E15"",""E30-E35""]"
85516,1.0,"[""E15""]"
85518,1.0,"[""E15""]"
85519,1.0,"[""E15""]"
85520,1.0,"[""E15"",""E20-E25"",""E40-Plus""]"
85531,1.0,"[""E15"",""E30-E35""]"
85532,1.0,"[""E30-E35""]"
85533,1.0,"[""E15"",""E20-E25"",""E30-E35""]"
85534,0.0,None
85535,1.0,"[""E15""]"
85536,1.0,"[""E15""]"
85538,1.0,"[""E20-E25""]"
85542,0.0,None
85631,0.0,None
85672,1.0,"[""E15""]"
85673,0.0,None
85674,1.0,"[""E20-E25"",""E30-E35""]"
85675,1.0,"[""E15""]"
85676,1.0,"[""E15""]"
85677,1.0,"[""E15""]"
85678,1.0,"[""E15""]"
85688,1.0,"[""E15""]"
85689,1.0,"[""E15""]"
85696,1.0,"[""E15""]"
85697,1.0,"[""E15""]"
85698,1.0,"[""E15""]"
85699,1.0,"[""E15""]"
85700,1.0,"[""E15""]"
85701,1.0,"[""E15""]"
85702,1.0,"[""E15""]"
85703,1.0,"[""E15""]"
85704,1.0,"[""E15""]"
85705,1.0,"[""E15""]"
85706,1.0,"[""E15""]"
85714,1.0,"[""E15""]"
85715,1.0,"[""E15""]"
85716,1.0,"[""E15""]"
85717,1.0,"[""E15""]"
85718,1.0,"[""E15""]"
85719,1.0,"[""E15""]"
85720,1.0,"[""E30-E35""]"
85721,0.0,None
85722,0.0,None
85723,0.0,None
85724,0.0,None
85726,0.0,None
85727,0.0,None
85728,1.0,"[""E15""]"
85729,1.0,"[""E15""]"
85730,0.0,None
85731,1.0,"[""E15""]"
85733,1.0,"[""E15""]"
85734,0.0,None
85735,1.0,"[""E15""]"
85740,1.0,"[""E15""]"
85741,1.0,"[""E15"",""E20-E25""]"
85742,0.0,None
85743,1.0,"[""E15""]"
85761,1.0,"[""E15""]"
85762,1.0,"[""E15""]"
85763,1.0,"[""E15""]"
85765,1.0,"[""E15"",""E30-E35""]"
85766,1.0,"[""E20-E25"",""E30-E35"",""E40-Plus""]"
86092,0.0,None
86093,0.0,None
86095,0.0,None
86096,0.0,None
86146,0.0,None
86149,0.0,None
86187,0.0,None
86188,1.0,"[""E15""]"
86189,0.0,None
86190,0.0,None
86191,1.0,"[""E30-E35""]"
86192,0.0,None
86796,1.0,"[""E40-Plus""]"
86798,1.0,"[""E30-E35""]"
86799,1.0,"[""E30-E35""]"
86800,0.0,None
86801,0.0,None
86803,1.0,"[""E15""]"
86804,0.0,None
86949,0.0,None
86950,0.0,None
86951,0.0,None
86952,0.0,None
86953,0.0,None
86968,0.0,None
86969,1.0,"[""E20-E25"",""E30-E35"",""E40-Plus""]"
86971,0.0,None
86972,0.0,None
86973,0.0,None
86975,1.0,"[""E15""]"
86993,0.0,None
86999,0.0,None
87000,0.0,None
87001,0.0,None
87004,0.0,None
87755,1.0,"[""E15""]"
87756,0.0,None
87757,1.0,"[""E15""]"
87758,1.0,"[""E15""]"
87759,0.0,None
87760,0.0,None
87761,0.0,None
87762,1.0,"[""E15""]"
87763,1.0,"[""E15""]"
87863,0.0,None
87864,1.0,"[""E15""]"
87865,0.0,None
87880,0.0,None
87891,0.0,None
87950,0.0,None
88124,0.0,None
88125,0.0,None
88238,0.0,None
88280,0.0,None
88281,1.0,"[""E30-E35""]"
88282,1.0,"[""E15"",""E20-E25"",""E30-E35""]"
88283,1.0,"[""E15""]"
88284,1.0,"[""E15"",""E30-E35""]"
88285,1.0,"[""E15""]"
88294,1.0,"[""E15""]"
88295,1.0,"[""E15""]"
88296,1.0,"[""E15""]"
88297,1.0,"[""E15""]"
88299,0.0,None
88303,0.0,None
88304,0.0,None
88305,0.0,None
88506,0.0,None
88507,1.0,"[""E15""]"
88508,1.0,"[""E40-Plus""]"
88638,0.0,None
88640,1.0,"[""E15""]"
88641,1.0,"[""E15""]"
88642,1.0,"[""E15""]"
88738,0.0,None
88740,0.0,None
88741,1.0,"[""E15""]"
88743,0.0,None
88744,0.0,None
88745,1.0,"[""E15""]"
88746,0.0,None
88747,0.0,None
88748,0.0,None
88749,0.0,None
88750,0.0,None
88751,1.0,"[""E15""]"
88752,1.0,"[""E15""]"
88753,1.0,"[""E15""]"
88755,0.0,None
88756,0.0,None
88757,0.0,None
88759,1.0,"[""E15""]"
88760,1.0,"[""E15""]"
88761,0.0,None
88762,0.0,None
88763,0.0,None
88764,1.0,"[""E15""]"
88765,0.0,None
88766,0.0,None
88767,0.0,None
88768,0.0,None
88769,0.0,None
88771,0.0,None
88773,0.0,None
88806,0.0,None
88807,0.0,None
88812,1.0,"[""E15""]"
89792,0.0,None
89857,1.0,"[""E15""]"
89858,1.0,"[""E15""]"
89859,1.0,"[""E15""]"
89860,1.0,"[""E15""]"
89861,1.0,"[""E15""]"
89862,1.0,"[""E15""]"
89863,1.0,"[""E15""]"
89864,1.0,"[""E15""]"
89866,1.0,"[""E15""]"
89867,1.0,"[""E15""]"
89868,1.0,"[""E15""]"
89869,1.0,"[""E15""]"
89870,1.0,"[""E15""]"
89871,1.0,"[""E15""]"
89872,1.0,"[""E15""]"
89873,1.0,"[""E15""]"
89875,1.0,"[""E15""]"
89876,1.0,"[""E15""]"
89877,1.0,"[""E15""]"
89878,1.0,"[""E15""]"
89879,1.0,"[""E15""]"
89880,1.0,"[""E15""]"
89881,1.0,"[""E15""]"
89882,1.0,"[""E15""]"
89883,1.0,"[""E15""]"
89884,1.0,"[""E15""]"
89885,1.0,"[""E15""]"
89886,1.0,"[""E15""]"
89887,1.0,"[""E15""]"
89889,1.0,"[""E15""]"
89890,1.0,"[""E15""]"
89891,1.0,"[""E15""]"
89893,1.0,"[""E15""]"
89894,1.0,"[""E15""]"
89895,1.0,"[""E15""]"
89896,1.0,"[""E15""]"
89897,1.0,"[""E15""]"
91697,0.0,None
91815,1.0,"[""E15""]"
91816,1.0,"[""E15""]"
91817,1.0,"[""E15""]"
91818,1.0,"[""E15""]"
91819,1.0,"[""E15""]"
91820,1.0,"[""E15""]"
91821,1.0,"[""E15""]"
91822,1.0,"[""E15""]"
91823,1.0,"[""E15""]"
91824,1.0,"[""E15""]"
91825,1.0,"[""E15""]"
91826,1.0,"[""E15""]"
91827,1.0,"[""E15""]"
91829,1.0,"[""E15""]"
91830,1.0,"[""E15""]"
91831,1.0,"[""E15""]"
91832,1.0,"[""E15""]"
91833,1.0,"[""E15""]"
91834,1.0,"[""E15""]"
91835,1.0,"[""E15""]"
91895,0.0,None
91914,0.0,None
91924,0.0,None
91925,0.0,None
91926,0.0,None
91927,0.0,None
91928,0.0,None
91929,0.0,None
91930,0.0,None
91931,0.0,None
91932,0.0,None
91934,0.0,None
91935,0.0,None
91937,1.0,"[""E15""]"
91945,0.0,None
91946,0.0,None
91947,0.0,None
91958,0.0,None
91959,0.0,None
91960,0.0,None
91961,1.0,"[""E15""]"
91962,1.0,"[""E15"",""E30-E35""]"
91963,1.0,"[""E15"",""E30-E35""]"
91966,1.0,"[""E15"",""E30-E35""]"
91967,1.0,"[""E15"",""E30-E35""]"
91968,1.0,"[""E15"",""E30-E35""]"
91971,1.0,"[""E15"",""E30-E35""]"
91972,0.0,None
91973,1.0,"[""E15""]"
92016,0.0,None
92017,1.0,"[""E15""]"
92018,0.0,None
92019,0.0,None
92021,0.0,None
92022,1.0,"[""E20-E25"",""E30-E35""]"
92023,0.0,None
92026,1.0,"[""E15""]"
92027,0.0,None
92029,0.0,None
92030,0.0,None
92032,1.0,"[""E15""]"
92033,0.0,None
92034,0.0,None
92035,1.0,"[""E15""]"
92036,1.0,"[""E15""]"
92037,0.0,None
92038,0.0,None
92039,0.0,None
92040,0.0,None
92041,1.0,"[""E20-E25""]"
92042,0.0,None
92043,0.0,None
92044,0.0,None
92045,0.0,None
92046,0.0,None
92047,0.0,None
92048,0.0,None
92049,0.0,None
92050,0.0,None
92051,0.0,None
92052,1.0,"[""E15""]"
92053,0.0,None
92054,1.0,"[""E15""]"
92055,0.0,None
92056,1.0,"[""E15""]"
92057,1.0,"[""E15""]"
92058,1.0,"[""E15""]"
92059,1.0,"[""E15""]"
92060,1.0,"[""E15""]"
92061,1.0,"[""E15""]"
92062,0.0,None
92063,1.0,"[""E15""]"
92064,1.0,"[""E15""]"
92065,0.0,None
92066,1.0,"[""E15""]"
92067,0.0,None
92069,0.0,None
92070,0.0,None
92071,0.0,None
92072,0.0,None
92073,0.0,None
92074,0.0,None
92075,0.0,None
92076,0.0,None
92077,0.0,None
92078,0.0,None
92079,0.0,None
92080,0.0,None
92081,0.0,None
92082,0.0,None
92083,0.0,None
92084,0.0,None
92085,0.0,None
92086,0.0,None
92087,0.0,None
92088,0.0,None
92089,0.0,None
92090,1.0,"[""E20-E25"",""E30-E35""]"
92093,1.0,"[""E15""]"
92130,1.0,"[""E15""]"
92131,1.0,"[""E15""]"
92132,0.0,None
93803,1.0,"[""E15""]"
93804,1.0,"[""E15""]"
93805,0.0,None
93806,0.0,None
93807,0.0,None
93808,0.0,None
93809,0.0,None
93810,0.0,None
93811,1.0,"[""E15""]"
93812,1.0,"[""E15""]"
93815,1.0,"[""E15""]"
93816,1.0,"[""E15""]"
93817,1.0,"[""E15""]"
93818,1.0,"[""E15""]"
93819,1.0,"[""E15""]"
93820,1.0,"[""E15""]"
93821,0.0,None
93822,0.0,None
93823,1.0,"[""E15""]"
94562,1.0,"[""E15""]"
94563,1.0,"[""E15""]"
94564,0.0,None
94565,1.0,"[""E15""]"
94566,1.0,"[""E15""]"
94567,0.0,None
94568,1.0,"[""E15""]"
94569,1.0,"[""E15""]"
94570,1.0,"[""E15""]"
94571,0.0,None
94572,1.0,"[""E20-E25"",""E30-E35""]"
94573,1.0,"[""E15"",""E30-E35""]"
94603,0.0,None
94611,0.0,None
94612,0.0,None
94613,0.0,None
94614,0.0,None
94616,0.0,None
94894,0.0,None
94895,1.0,"[""E15""]"
94896,1.0,"[""E15""]"
94897,1.0,"[""E15""]"
94898,1.0,"[""E15""]"
94899,1.0,"[""E15""]"
94900,1.0,"[""E15""]"
94901,1.0,"[""E15""]"
94902,0.0,None
94903,0.0,None
94906,1.0,"[""E15""]"
94907,1.0,"[""E15""]"
94936,0.0,None
94937,1.0,"[""E15""]"
94938,0.0,None
94949,0.0,None
94950,0.0,None
96924,1.0,"[""E15"",""E20-E25"",""E30-E35""]"
96938,1.0,"[""E15""]"
97052,1.0,"[""E15""]"
97053,1.0,"[""E15""]"
97054,1.0,"[""E15""]"
97055,1.0,"[""E15""]"
97056,1.0,"[""E15""]"
98587,1.0,"[""E15"",""E20-E25"",""E30-E35""]"
98624,0.0,None
98627,1.0,"[""E15""]"
98628,0.0,None
98629,0.0,None
98630,0.0,None
98631,0.0,None
98713,0.0,None
98772,0.0,None
98773,0.0,None
98792,0.0,None
98793,0.0,None
98794,0.0,None
98795,0.0,None
98796,1.0,"[""E15""]"
98798,0.0,None
98799,0.0,None
98800,0.0,None
98801,1.0,"[""E15""]"
98802,0.0,None
98803,0.0,None
98804,1.0,"[""E15""]"
98805,0.0,None
99466,1.0,"[""E15""]"
99467,1.0,"[""E15"",""E20-E25"",""E30-E35""]"
99720,0.0,None
99721,0.0,None
99722,0.0,None
99865,1.0,"[""E15"",""E30-E35""]"
99866,1.0,"[""E15""]"
99867,1.0,"[""E15""]"
99868,1.0,"[""E15""]"
99869,1.0,"[""E15""]"
99870,0.0,None
99871,1.0,"[""E15""]"
99872,1.0,"[""E15"",""E30-E35""]"
99874,1.0,"[""E15""]"
99875,1.0,"[""E15""]"
99876,1.0,"[""E15""]"
99889,0.0,None
99890,0.0,None
100041,0.0,None
100043,0.0,None
100218,1.0,"[""E15""]"
100219,1.0,"[""E15""]"
100220,1.0,"[""E15""]"
100222,0.0,None
100225,0.0,None
100321,0.0,None
102559,0.0,None
102560,0.0,None
102562,0.0,None
102563,0.0,None
102564,0.0,None
102565,0.0,None
102566,0.0,None
102567,0.0,None
102569,0.0,None
102571,1.0,"[""E15""]"
102574,0.0,None
102575,1.0,"[""E15""]"
102586,0.0,None
102587,0.0,None
102589,0.0,None
102634,0.0,None
102635,0.0,None
102649,0.0,None
103045,0.0,None
103046,1.0,"[""E15""]"
103047,1.0,"[""E15""]"
103048,1.0,"[""E15""]"
103049,1.0,"[""E15""]"
103050,0.0,None
103051,1.0,"[""E15""]"
103052,1.0,"[""E15"",""E30-E35""]"
103053,1.0,"[""E15""]"
103054,1.0,"[""E15""]"
103055,1.0,"[""E15""]"
103813,0.0,None
104068,0.0,None
104070,0.0,None
104071,0.0,None
104072,0.0,None
104074,0.0,None
104075,0.0,None
104076,0.0,None
104077,0.0,None
104078,0.0,None
104079,0.0,None
104080,0.0,None
104081,0.0,None
104084,0.0,None
104085,0.0,None
104088,0.0,None
104089,0.0,None
104090,0.0,None
104091,0.0,None
104092,0.0,None
104093,0.0,None
104095,0.0,None
104097,0.0,None
104098,0.0,None
104099,0.0,None
104100,0.0,None
104101,0.0,None
104102,0.0,None
104105,0.0,None
104106,0.0,None
104107,0.0,None
104108,0.0,None
104109,0.0,None
104111,0.0,None
104112,0.0,None
104113,0.0,None
104115,0.0,None
104116,0.0,None
104117,0.0,None
104118,0.0,None
104119,0.0,None
104120,0.0,None
104121,0.0,None
104122,0.0,None
104123,0.0,None
104124,0.0,None
104125,0.0,None
104126,0.0,None
104180,1.0,"[""E15""]"
104181,1.0,"[""E15""]"
104182,1.0,"[""E15""]"
104183,1.0,"[""E15""]"
104184,1.0,"[""E15""]"
104185,1.0,"[""E15""]"
104186,1.0,"[""E15""]"
104187,1.0,"[""E15""]"
104464,1.0,"[""E15"",""E30-E35""]"
104466,1.0,"[""E15""]"
104467,1.0,"[""E40-Plus""]"
104468,1.0,"[""E15""]"
104469,0.0,None
104470,0.0,None
104471,1.0,"[""E15""]"
104472,0.0,None
104473,0.0,None
104474,1.0,"[""E15""]"
104493,0.0,None
104495,0.0,None
104825,1.0,"[""E15""]"
104826,1.0,"[""E15""]"
104827,1.0,"[""E15""]"
104828,1.0,"[""E15"",""E30-E35""]"
104846,0.0,None
104847,1.0,"[""E15""]"
104848,1.0,"[""E15""]"
104849,1.0,"[""E15""]"
104851,1.0,"[""E15"",""E30-E35""]"
104852,1.0,"[""E15""]"
104853,1.0,"[""E15"",""E30-E35""]"
104854,1.0,"[""E15""]"
104855,0.0,None
104856,0.0,None
104857,1.0,"[""E15""]"
104858,1.0,"[""E15""]"
105456,1.0,"[""E15""]"
105457,0.0,None
105458,1.0,"[""E15"",""E30-E35""]"
105459,0.0,None
105461,0.0,None
105463,0.0,None
105464,0.0,None
116862,1.0,"[""E15""]"
116863,1.0,"[""E15""]"
116864,0.0,None
116866,0.0,None
117038,1.0,"[""E15""]"
117039,1.0,"[""E15""]"
117040,1.0,"[""E15""]"
117642,0.0,None
117643,0.0,None
117644,0.0,None
117645,0.0,None
117646,0.0,None
117648,1.0,"[""E15""]"
117650,0.0,None
117651,1.0,"[""E15"",""E20-E25"",""E30-E35""]"
117653,1.0,"[""E15"",""E30-E35""]"
117655,1.0,"[""E15""]"
117656,1.0,"[""E15"",""E30-E35""]"
117658,1.0,"[""E15""]"
117660,1.0,"[""E15""]"
117662,1.0,"[""E15""]"
117663,1.0,"[""E15""]"
117664,1.0,"[""E15""]"
117665,1.0,"[""E15""]"
117667,1.0,"[""E15""]"
117668,1.0,"[""E15""]"
117670,1.0,"[""E15""]"
117799,0.0,None
117873,0.0,None
117874,1.0,"[""E40-Plus""]"
117875,0.0,None
117878,0.0,None
117880,0.0,None
118327,1.0,"[""E15""]"
118696,0.0,None
118697,0.0,None
118975,0.0,None
118976,0.0,None
121315,0.0,None
121316,1.0,"[""E15""]"
121317,0.0,None
121318,0.0,None
121319,0.0,None
121320,0.0,None
121496,0.0,None
121497,0.0,None
121498,0.0,None
121499,0.0,None
121500,0.0,None
121501,0.0,None
121502,1.0,"[""E15""]"
121503,0.0,None
121504,0.0,None
121505,0.0,None
121506,0.0,None
121507,0.0,None
121508,0.0,None
121509,1.0,"[""E30-E35""]"
121511,1.0,"[""E15""]"
121512,1.0,"[""E15"",""E20-E25"",""E30-E35""]"
121513,1.0,"[""E15""]"
121514,1.0,"[""E15""]"
121515,1.0,"[""E15"",""E30-E35""]"
121516,1.0,"[""E15""]"
121518,0.0,None
121521,1.0,"[""E20-E25"",""E30-E35""]"
121522,0.0,None
121525,1.0,"[""E15""]"
121526,1.0,"[""E20-E25"",""E30-E35""]"
121531,0.0,None
121532,0.0,None
121533,1.0,"[""E15""]"
121534,0.0,None
121535,0.0,None
121536,0.0,None
121537,0.0,None
121538,0.0,None
121539,1.0,"[""E15""]"
121540,1.0,"[""E15""]"
121542,1.0,"[""E15""]"
121543,0.0,None
121560,1.0,"[""E15""]"
121561,0.0,None
121562,0.0,None
121564,1.0,"[""E15"",""E30-E35""]"
121565,0.0,None
121566,0.0,None
121567,1.0,"[""E15""]"
122196,1.0,"[""E15""]"
122197,1.0,"[""E15""]"
122198,1.0,"[""E15""]"
122199,1.0,"[""E15""]"
122200,1.0,"[""E15""]"
122201,1.0,"[""E15""]"
122227,1.0,"[""E15""]"
122228,0.0,None
122229,0.0,None
122697,0.0,None
122918,1.0,"[""E15""]"
122922,1.0,"[""E15""]"
123490,0.0,None
123491,0.0,None
123492,0.0,None
123493,1.0,"[""E15""]"
123494,0.0,None
123495,0.0,None
125589,0.0,None
125590,1.0,"[""E15""]"
131644,0.0,None
131666,0.0,None
131667,0.0,None
131668,0.0,None
131669,0.0,None
131670,0.0,None
131992,0.0,None
131993,0.0,None
131994,0.0,None
136272,0.0,None
136273,0.0,None
136274,0.0,None
137188,1.0,"[""E15""]"
137189,1.0,"[""E15""]"
137190,1.0,"[""E15""]"
138538,0.0,None
138540,0.0,None
138550,0.0,None
138573,0.0,None
138575,0.0,None
138577,0.0,None
138580,0.0,None
143903,0.0,None
143904,0.0,None
143908,0.0,None
143909,0.0,None
144123,0.0,None
144127,0.0,None
144201,0.0,None
144203,0.0,None
144204,1.0,"[""E15""]"
144205,1.0,"[""E15""]"
144206,1.0,"[""E15""]"
144347,0.0,None
144348,0.0,None
144871,1.0,"[""E15""]"
144872,1.0,"[""E15""]"
144873,1.0,"[""E15""]"
144874,1.0,"[""E15""]"
144875,1.0,"[""E15""]"
144876,1.0,"[""E15""]"
144877,1.0,"[""E15""]"
144878,1.0,"[""E15""]"
144879,1.0,"[""E15""]"
144880,1.0,"[""E15""]"
144881,1.0,"[""E15""]"
144882,1.0,"[""E15""]"
144883,1.0,"[""E15""]"
144884,1.0,"[""E15""]"
144885,1.0,"[""E15""]"
144886,1.0,"[""E15""]"
144888,1.0,"[""E15""]"
144889,1.0,"[""E15""]"
144890,1.0,"[""E15""]"
144891,1.0,"[""E15""]"
144892,1.0,"[""E15""]"
144893,1.0,"[""E15""]"
144894,1.0,"[""E15""]"
144895,1.0,"[""E15""]"
144896,1.0,"[""E15""]"
144897,1.0,"[""E15""]"
144898,1.0,"[""E15""]"
144899,1.0,"[""E15""]"
144900,1.0,"[""E15""]"
144901,1.0,"[""E15""]"
144902,1.0,"[""E15""]"
144903,1.0,"[""E15""]"
144904,1.0,"[""E15""]"
144905,1.0,"[""E15""]"
144906,1.0,"[""E15""]"
144907,1.0,"[""E15""]"
144908,1.0,"[""E15""]"
144909,1.0,"[""E15""]"
144910,0.0,None
144911,1.0,"[""E15""]"
144912,1.0,"[""E15""]"
144913,1.0,"[""E15""]"
144914,1.0,"[""E15""]"
144915,1.0,"[""E15""]"
144916,1.0,"[""E15""]"
144917,0.0,None
144918,1.0,"[""E15""]"
144919,1.0,"[""E15""]"
144920,1.0,"[""E15""]"
144921,1.0,"[""E15""]"
144922,0.0,None
144923,1.0,"[""E15""]"
144924,0.0,None
144925,1.0,"[""E15""]"
144926,1.0,"[""E15""]"
144927,1.0,"[""E15""]"
144928,1.0,"[""E15""]"
144929,1.0,"[""E15""]"
144930,1.0,"[""E15""]"
144931,1.0,"[""E15""]"
144932,1.0,"[""E15""]"
144933,1.0,"[""E15""]"
144934,1.0,"[""E15""]"
144935,1.0,"[""E15""]"
144937,1.0,"[""E15""]"
144938,1.0,"[""E15""]"
144939,1.0,"[""E15""]"
144940,1.0,"[""E15""]"
144941,1.0,"[""E15""]"
144942,1.0,"[""E15""]"
144943,0.0,None
144944,1.0,"[""E15""]"
144945,1.0,"[""E15""]"
144946,0.0,None
144950,1.0,"[""E15""]"
144951,1.0,"[""E15""]"
144953,1.0,"[""E15""]"
144954,0.0,None
144955,0.0,None
144956,1.0,"[""E15"",""E20-E25"",""E30-E35"",""E40-Plus""]"
144957,1.0,"[""E15""]"
144958,1.0,"[""E15""]"
144960,1.0,"[""E15""]"
145244,1.0,"[""E15""]"
145412,0.0,None
145413,1.0,"[""E15""]"
145414,1.0,"[""E15""]"
145415,1.0,"[""E15""]"
145416,1.0,"[""E15""]"
145417,1.0,"[""E15""]"
145418,1.0,"[""E15""]"
145419,1.0,"[""E15""]"
145420,1.0,"[""E15""]"
145421,1.0,"[""E15""]"
145422,0.0,None
145423,0.0,None
145425,0.0,None
145426,0.0,None
145428,0.0,None
145430,0.0,None
145431,1.0,"[""E15""]"
145432,1.0,"[""E15""]"
145433,1.0,"[""E15""]"
145435,0.0,None
145436,0.0,None
146620,0.0,None
146621,1.0,"[""E15""]"
146622,1.0,"[""E15""]"
146623,0.0,None
147100,1.0,"[""E15""]"
147101,1.0,"[""E15""]"
147103,0.0,None
147104,1.0,"[""E15""]"
147105,1.0,"[""E15""]"
147106,1.0,"[""E15"",""E30-E35""]"
147134,0.0,None
147211,1.0,"[""E15""]"
147231,1.0,"[""E15""]"
147232,0.0,None
147233,0.0,None
147369,0.0,None
147370,1.0,"[""E15""]"
147605,1.0,"[""E15""]"
147606,0.0,None
147608,1.0,"[""E15""]"
147609,1.0,"[""E15""]"
147610,0.0,None
149099,1.0,"[""E40-Plus""]"
149101,0.0,None
149102,0.0,None
149155,0.0,None
149156,0.0,None
149266,0.0,None
149285,0.0,None
149535,0.0,None
149680,1.0,"[""E15""]"
149681,1.0,"[""E15""]"
149682,1.0,"[""E15""]"
149684,1.0,"[""E15""]"
149685,1.0,"[""E15""]"
149686,1.0,"[""E15""]"
149687,0.0,None
149688,1.0,"[""E15""]"
149689,1.0,"[""E15""]"
149690,1.0,"[""E15""]"
149691,1.0,"[""E15""]"
149692,1.0,"[""E15""]"
149693,1.0,"[""E15""]"
149694,1.0,"[""E15""]"
149695,1.0,"[""E15""]"
149696,1.0,"[""E15""]"
149697,1.0,"[""E15""]"
149719,0.0,None
149747,1.0,"[""E15""]"
149748,1.0,"[""E15""]"
149749,0.0,None
149750,0.0,None
149964,1.0,"[""E15""]"
150282,0.0,None
150283,0.0,None
150284,0.0,None
150285,1.0,"[""E30-E35"",""E40-Plus""]"
150838,1.0,"[""E15""]"
151946,0.0,None
152070,0.0,None
152071,1.0,"[""E15""]"
152074,1.0,"[""E15""]"
152076,0.0,None
152077,0.0,None
152078,1.0,"[""E15"",""E30-E35""]"
152079,0.0,None
152080,1.0,"[""E15""]"
152081,0.0,None
152082,0.0,None
152083,0.0,None
152084,0.0,None
152085,1.0,"[""E15""]"
152086,0.0,None
152087,0.0,None
152088,0.0,None
152089,0.0,None
152090,0.0,None
152091,0.0,None
152093,1.0,"[""E15""]"
152124,1.0,"[""E15""]"
152134,1.0,"[""E15""]"
152141,0.0,None
152143,1.0,"[""E15""]"
152156,1.0,"[""E15"",""E30-E35""]"
152157,1.0,"[""E15""]"
152217,1.0,"[""E15""]"
152218,1.0,"[""E15""]"
152219,1.0,"[""E15""]"
152221,1.0,"[""E15""]"
152222,1.0,"[""E15"",""E30-E35""]"
153073,1.0,"[""E30-E35""]"
153074,1.0,"[""E15"",""E20-E25"",""E30-E35""]"
153075,1.0,"[""E15""]"
153079,0.0,None
153080,0.0,None
153525,0.0,None
153526,0.0,None
153527,0.0,None
153528,0.0,None
153529,0.0,None
153530,0.0,None
153531,1.0,"[""E15""]"
153533,1.0,"[""E15""]"
153535,0.0,None
153536,1.0,"[""E15""]"
153538,0.0,None
153539,0.0,None
153638,1.0,"[""E15""]"
153639,1.0,"[""E15""]"
153640,1.0,"[""E15""]"
153918,0.0,None
153956,0.0,None
154115,0.0,None
154116,0.0,None
154117,1.0,"[""E15""]"
154118,1.0,"[""E15""]"
154155,0.0,None
154551,0.0,None
154591,0.0,None
155106,0.0,None
155202,1.0,"[""E15""]"
155203,1.0,"[""E15""]"
155204,1.0,"[""E15""]"
155205,0.0,None
155206,1.0,"[""E15""]"
156015,0.0,None
156016,0.0,None
156023,0.0,None
156025,0.0,None
156026,0.0,None
158385,0.0,None
158386,0.0,None
158387,0.0,None
158388,0.0,None
158389,0.0,None
158390,0.0,None
158391,0.0,None
158392,0.0,None
158393,0.0,None
158394,0.0,None
158395,0.0,None
158396,0.0,None
158397,0.0,None
158398,0.0,None
158399,0.0,None
158400,0.0,None
158401,0.0,None
158402,0.0,None
158403,0.0,None
158404,0.0,None
158405,0.0,None
158406,0.0,None
158407,0.0,None
158408,0.0,None
158409,0.0,None
158410,0.0,None
158411,0.0,None
158412,0.0,None
158413,0.0,None
158414,0.0,None
158415,0.0,None
158416,0.0,None
158417,0.0,None
158418,0.0,None
158419,0.0,None
158420,0.0,None
158421,0.0,None
158422,0.0,None
158423,0.0,None
158424,0.0,None
158425,0.0,None
158426,0.0,None
158427,0.0,None
158428,0.0,None
158429,0.0,None
158430,0.0,None
158431,0.0,None
158432,0.0,None
158433,0.0,None
158434,0.0,None
158435,0.0,None
158436,0.0,None
158437,0.0,None
158438,0.0,None
158439,0.0,None
158440,0.0,None
158441,0.0,None
158442,0.0,None
158443,0.0,None
158444,0.0,None
158445,0.0,None
158446,0.0,None
158447,0.0,None
158448,0.0,None
158449,0.0,None
158451,0.0,None
158452,0.0,None
158453,0.0,None
163431,1.0,"[""E15""]"
163432,1.0,"[""E15""]"
163433,1.0,"[""E15""]"
163434,1.0,"[""E15""]"
163435,1.0,"[""E15""]"
163436,1.0,"[""E15""]"
163437,1.0,"[""E15""]"
163438,1.0,"[""E15""]"
163629,1.0,"[""E15""]"
165520,1.0,"[""E15"",""E40-Plus""]"
165521,1.0,"[""E15""]"
165522,0.0,None
165523,0.0,None
165524,1.0,"[""E15""]"
165525,0.0,None
165527,1.0,"[""E20-E25""]"
168364,0.0,None
168365,0.0,None
168366,1.0,"[""E15""]"
168367,0.0,None
169709,1.0,"[""E15""]"
169710,0.0,None
169711,0.0,None
169712,0.0,None
169713,0.0,None
169714,0.0,None
169715,0.0,None
169716,0.0,None
169717,0.0,None
169719,0.0,None
169720,0.0,None
169721,0.0,None
169722,0.0,None
169723,0.0,None
169724,0.0,None
169725,0.0,None
169726,0.0,None
169727,0.0,None
169728,0.0,None
169729,0.0,None
169730,1.0,"[""E15""]"
169731,1.0,"[""E40-Plus""]"
169732,1.0,"[""E15""]"
169733,0.0,None
169734,0.0,None
169735,0.0,None
169736,1.0,"[""E15""]"
169737,1.0,"[""E15""]"
169738,0.0,None
169739,1.0,"[""E15""]"
169740,1.0,"[""E15""]"
169741,0.0,None
169744,1.0,"[""E15""]"
169745,0.0,None
169746,1.0,"[""E15""]"
169747,1.0,"[""E15""]"
169748,1.0,"[""E15""]"
169749,1.0,"[""E15""]"
169750,1.0,"[""E15""]"
169752,1.0,"[""E15""]"
169757,1.0,"[""E15""]"
169758,1.0,"[""E15""]"
169759,1.0,"[""E15""]"
169761,0.0,None
169762,0.0,None
169763,0.0,None
169764,0.0,None
169765,0.0,None
169766,0.0,None
169767,0.0,None
169768,0.0,None
169769,0.0,None
169770,0.0,None
169771,0.0,None
169772,0.0,None
169773,0.0,None
169774,0.0,None
169775,0.0,None
169777,1.0,"[""E15""]"
169779,1.0,"[""E15""]"
169780,1.0,"[""E15""]"
169781,0.0,None
169782,1.0,"[""E15""]"
169783,0.0,None
169785,1.0,"[""E15""]"
169788,0.0,None
169789,0.0,None
169790,0.0,None
169791,0.0,None
169792,0.0,None
169793,0.0,None
169794,0.0,None
169795,0.0,None
169796,0.0,None
169797,0.0,None
169798,0.0,None
169799,0.0,None
169800,0.0,None
169801,0.0,None
169802,0.0,None
169803,0.0,None
169804,0.0,None
169819,0.0,None
169820,0.0,None
169821,0.0,None
169822,1.0,None
169824,0.0,None
169825,0.0,None
169826,0.0,None
169827,0.0,None
169828,0.0,None
169829,0.0,None
169830,0.0,None
169832,0.0,None
169833,0.0,None
169834,0.0,None
170989,0.0,None
170991,0.0,None
170992,0.0,None
170995,0.0,None
170996,0.0,None
171000,0.0,None
171002,0.0,None
171003,0.0,None
171004,0.0,None
171005,0.0,None
171006,0.0,None
171007,0.0,None
171008,0.0,None
171009,0.0,None
171014,0.0,None
171015,0.0,None
171016,0.0,None
171018,0.0,None
171022,0.0,None
171025,0.0,None
171029,0.0,None
171036,0.0,None
171037,0.0,None
171041,0.0,None
171043,0.0,None
171045,0.0,None
171049,1.0,"[""E15""]"
171050,0.0,None
171052,0.0,None
171053,0.0,None
171056,0.0,None
171057,0.0,None
171058,0.0,None
171060,0.0,None
171063,0.0,None
171064,0.0,None
171065,0.0,None
171067,0.0,None
171068,1.0,"[""E15"",""E20-E25"",""E30-E35"",""E40-Plus""]"
171070,0.0,None
171071,0.0,None
171072,0.0,None
171073,0.0,None
171074,0.0,None
171080,0.0,None
171083,0.0,None
171087,1.0,"[""E15""]"
171090,0.0,None
171091,1.0,"[""E15""]"
171092,1.0,"[""E15""]"
171093,1.0,"[""E15"",""E30-E35""]"
171095,0.0,None
171100,0.0,None
171105,0.0,None
171106,0.0,None
171107,0.0,None
171108,0.0,None
171110,0.0,None
171111,0.0,None
171112,0.0,None
171113,0.0,None
171114,0.0,None
171115,0.0,None
171117,0.0,None
171118,0.0,None
171119,0.0,None
171120,0.0,None
184196,1.0,"[""E15""]"
184197,0.0,None
184199,0.0,None
184200,0.0,None
184201,1.0,"[""E15""]"
184204,0.0,None
184205,0.0,None
184206,0.0,None
186427,0.0,None
186428,1.0,"[""E15"",""E30-E35""]"
186430,0.0,None
186431,0.0,None
186432,0.0,None
186433,0.0,None
186435,0.0,None
186437,0.0,None
186438,1.0,"[""E15"",""E20-E25"",""E30-E35""]"
186441,0.0,None
186442,1.0,"[""E15""]"
186443,0.0,None
186444,0.0,None
186445,0.0,None
186446,0.0,None
186447,1.0,"[""E15""]"
186448,1.0,"[""E15""]"
186449,1.0,"[""E15""]"
186451,1.0,"[""E15""]"
186452,1.0,"[""E15""]"
186453,1.0,"[""E15""]"
186454,1.0,"[""E15""]"
186455,0.0,None
186456,1.0,"[""E15"",""E30-E35""]"
186457,0.0,None
186458,1.0,"[""E15""]"
186459,1.0,"[""E15""]"
186460,1.0,"[""E15""]"
186461,1.0,"[""E15""]"
186462,0.0,None
186463,0.0,None
186464,0.0,None
186465,0.0,None
186466,0.0,None
186467,1.0,"[""E15"",""E30-E35""]"
186468,0.0,None
186469,0.0,None
186470,1.0,"[""E15""]"
186476,0.0,None
186478,0.0,None
186479,0.0,None
186480,0.0,None
186481,0.0,None
186482,0.0,None
186483,0.0,None
186484,0.0,None
186485,0.0,None
186487,0.0,None
186488,0.0,None
186489,0.0,None
186490,0.0,None
186491,0.0,None
186492,0.0,None
186493,0.0,None
186494,0.0,None
186495,0.0,None
186496,0.0,None
186497,0.0,None
186498,0.0,None
186499,0.0,None
186500,0.0,None
186501,0.0,None
186502,0.0,None
186503,0.0,None
186504,0.0,None
186505,0.0,None
186507,0.0,None
186508,0.0,None
186509,0.0,None
186510,0.0,None
186511,0.0,None
186512,0.0,None
186513,0.0,None
186514,0.0,None
186515,1.0,"[""E15""]"
186520,0.0,None
186936,0.0,None
186937,0.0,None
186938,0.0,None
186940,1.0,"[""E15""]"
187176,0.0,None
187177,0.0,None
187178,0.0,None
187179,0.0,None
187180,1.0,"[""E15""]"
187181,1.0,"[""E15""]"
187182,1.0,"[""E15""]"
187183,1.0,"[""E15""]"
187184,1.0,"[""E15""]"
187185,1.0,"[""E15""]"
187186,1.0,"[""E15""]"
187187,1.0,"[""E15""]"
187188,1.0,"[""E15""]"
187189,1.0,"[""E15""]"
187190,1.0,"[""E15""]"
187191,1.0,"[""E15""]"
187193,0.0,None
187194,1.0,"[""E15""]"
187196,1.0,"[""E15""]"
187197,1.0,"[""E15""]"
187198,1.0,"[""E15""]"
187199,1.0,"[""E15""]"
187200,1.0,"[""E15""]"
187201,1.0,"[""E15""]"
187202,1.0,"[""E15""]"
187203,1.0,"[""E15""]"
187204,1.0,"[""E15""]"
187205,1.0,"[""E15""]"
187206,1.0,"[""E15""]"
187207,1.0,"[""E15""]"
187208,1.0,"[""E15""]"
187209,1.0,"[""E15""]"
187210,1.0,"[""E15""]"
187211,1.0,"[""E15""]"
187490,0.0,None
187491,0.0,None
187493,0.0,None
187494,0.0,None
187495,0.0,None
187496,0.0,None
187497,0.0,None
187498,0.0,None
187499,0.0,None
187500,0.0,None
187501,0.0,None
187502,0.0,None
187503,0.0,None
187504,0.0,None
187505,0.0,None
187506,0.0,None
187507,0.0,None
187508,0.0,None
187509,0.0,None
187510,0.0,None
187511,0.0,None
187512,0.0,None
187513,0.0,None
187515,0.0,None
187516,0.0,None
187517,0.0,None
187518,0.0,None
187519,0.0,None
189021,0.0,None
189023,0.0,None
189024,0.0,None
189025,0.0,None
189026,0.0,None
189027,0.0,None
189028,0.0,None
189029,0.0,None
189030,0.0,None
189031,1.0,"[""E15""]"
189032,1.0,"[""E15""]"
189307,1.0,"[""E15""]"
189308,0.0,None
190332,0.0,None
190333,0.0,None
190334,0.0,None
190336,0.0,None
190337,0.0,None
190338,0.0,None
190339,1.0,"[""E15""]"
190340,0.0,None
190341,0.0,None
190343,1.0,"[""E15"",""E30-E35""]"
190344,0.0,None
190347,0.0,None
193016,0.0,None
193017,0.0,None
193018,0.0,None
193019,0.0,None
193020,0.0,None
193021,0.0,None
193022,0.0,None
193023,0.0,None
193024,0.0,None
193025,0.0,None
193026,0.0,None
193027,0.0,None
193028,0.0,None
193029,0.0,None
193030,0.0,None
193304,0.0,None
193305,1.0,"[""E15""]"
193306,1.0,"[""E15""]"
193307,0.0,None
193308,0.0,None
193309,1.0,"[""E15""]"
194128,1.0,"[""E15"",""E20-E25"",""E30-E35"",""E40-Plus""]"
196405,0.0,None
196406,1.0,"[""E15""]"
196407,1.0,"[""E15""]"
196408,1.0,"[""E15""]"
196409,1.0,"[""E15""]"
196410,1.0,"[""E15""]"
196411,1.0,"[""E15""]"
196417,0.0,None
196616,0.0,None
196617,0.0,None
196619,0.0,None
196622,0.0,None
196623,0.0,None
196624,0.0,None
196625,0.0,None
196626,0.0,None
199665,0.0,None
199668,1.0,"[""E15""]"
199669,1.0,"[""E15""]"
199670,1.0,"[""E15""]"
199671,0.0,None
199672,0.0,None
199673,0.0,None
199674,0.0,None
199675,0.0,None
199676,0.0,None
199677,0.0,None
199678,0.0,None
199679,0.0,None
199680,0.0,None
199681,0.0,None
199682,0.0,None
199683,0.0,None
199684,0.0,None
199685,0.0,None
199686,0.0,None
199687,0.0,None
199688,0.0,None
199689,0.0,None
199690,0.0,None
199691,0.0,None
199692,0.0,None
199693,0.0,None
199694,0.0,None
199695,0.0,None
199697,0.0,None
199698,0.0,None
199699,0.0,None
199700,0.0,None
199702,1.0,"[""E30-E35""]"
199703,0.0,None
199704,1.0,"[""E15"",""E30-E35""]"
199705,1.0,"[""E15""]"
199706,0.0,None
199707,0.0,None
199708,0.0,None
199709,1.0,"[""E15"",""E30-E35""]"
199711,0.0,None
199712,1.0,"[""E15""]"
199713,0.0,None
199714,0.0,None
199715,0.0,None
199717,1.0,"[""E30-E35""]"
199718,1.0,"[""E15"",""E30-E35""]"
200322,0.0,None
200323,0.0,None
200324,0.0,None
200325,0.0,None
200326,0.0,None
200327,0.0,None
200328,0.0,None
200329,0.0,None
200330,0.0,None
200331,0.0,None
200332,0.0,None
200333,0.0,None
200334,0.0,None
200335,0.0,None
200336,0.0,None
200337,0.0,None
200338,0.0,None
200339,0.0,None
200340,0.0,None
200341,0.0,None
200342,0.0,None
200343,0.0,None
200344,0.0,None
200345,0.0,None
200346,0.0,None
200347,0.0,None
200348,0.0,None
200349,0.0,None
200350,0.0,None
200351,0.0,None
200352,0.0,None
200353,0.0,None
200354,0.0,None
200355,0.0,None
200356,0.0,None
200357,0.0,None
200358,0.0,None
200361,0.0,None
200362,0.0,None
200363,0.0,None
200364,0.0,None
200365,0.0,None
200366,0.0,None
200367,0.0,None
200368,0.0,None
200369,0.0,None
200370,0.0,None
200371,0.0,None
200372,0.0,None
200373,0.0,None
200374,0.0,None
200375,0.0,None
200376,0.0,None
200377,0.0,None
200378,0.0,None
200379,0.0,None
200380,0.0,None
200381,0.0,None
200382,0.0,None
200383,0.0,None
200384,0.0,None
200385,0.0,None
200386,0.0,None
200387,0.0,None
200388,0.0,None
200389,0.0,None
200390,0.0,None
200391,0.0,None
200392,0.0,None
200393,0.0,None
200394,0.0,None
200395,0.0,None
200396,0.0,None
200397,0.0,None
200398,0.0,None
200399,0.0,None
200400,0.0,None
200401,0.0,None
200402,0.0,None
201129,1.0,"[""E15""]"
201130,1.0,"[""E15""]"
201131,1.0,"[""E15""]"
201133,0.0,None
201134,1.0,"[""E15""]"
201135,0.0,None
201136,1.0,"[""E15""]"
201137,1.0,"[""E15""]"
201139,1.0,"[""E15""]"
201140,1.0,"[""E15""]"
201142,1.0,"[""E15""]"
201143,1.0,"[""E15""]"
201144,1.0,"[""E15""]"
201145,1.0,"[""E15""]"
201146,1.0,"[""E15""]"
201147,1.0,"[""E15""]"
201148,0.0,None
201149,0.0,None
201150,1.0,"[""E15""]"
201151,0.0,None
201152,1.0,"[""E15""]"
201154,1.0,"[""E15""]"
201546,1.0,"[""E15""]"
202834,0.0,None
202985,0.0,None
202986,0.0,None
203056,0.0,None
203057,0.0,None
203058,1.0,"[""E15""]"
203059,1.0,"[""E15""]"
203060,0.0,None
203061,1.0,"[""E40-Plus""]"
203062,1.0,"[""E15""]"
203063,0.0,None
203064,0.0,None
203103,0.0,None
203107,0.0,None
203108,0.0,None
203148,1.0,"[""E15""]"
203155,0.0,None
203307,0.0,None
203308,1.0,"[""E15"",""E40-Plus""]"
203314,0.0,None
203317,0.0,None
203318,1.0,"[""E15"",""E30-E35""]"
203320,1.0,"[""E15"",""E30-E35""]"
203321,0.0,None
204291,0.0,None
204292,1.0,"[""E15""]"
204294,0.0,None
204296,0.0,None
204312,1.0,"[""E15""]"
204321,1.0,"[""E15""]"
204322,1.0,"[""E40-Plus""]"
204324,0.0,None
204325,0.0,None
204326,1.0,"[""E15""]"
204329,1.0,"[""E15"",""E30-E35""]"
204330,0.0,None
204331,0.0,None
204332,0.0,None
204574,1.0,"[""E15""]"
204575,0.0,None
204576,0.0,None
204577,0.0,None
204732,1.0,"[""E15""]"
204733,1.0,"[""E15""]"
204886,1.0,"[""E15"",""E30-E35""]"
204887,1.0,"[""E15"",""E30-E35""]"
205095,0.0,None
205096,1.0,"[""E15""]"
205097,1.0,"[""E15""]"
205098,1.0,"[""E15""]"
205099,1.0,"[""E15""]"
205100,1.0,"[""E15""]"
205103,1.0,"[""E15""]"
205104,1.0,"[""E15""]"
205105,1.0,"[""E15""]"
205289,0.0,None
207031,0.0,None
207032,0.0,None
207033,1.0,"[""E15""]"
207034,0.0,None
207035,0.0,None
207036,0.0,None
207037,0.0,None
207038,0.0,None
207039,0.0,None
207040,1.0,"[""E15""]"
207041,0.0,None
207042,1.0,"[""E15""]"
207043,0.0,None
207044,1.0,"[""E15"",""E30-E35""]"
207045,0.0,None
207046,1.0,"[""E15""]"
207047,0.0,None
207048,1.0,"[""E15""]"
207049,1.0,"[""E15""]"
207050,1.0,"[""E15""]"
207051,0.0,None
207052,0.0,None
207053,0.0,None
207054,0.0,None
207055,0.0,None
207056,0.0,None
207057,0.0,None
207058,0.0,None
207059,0.0,None
207060,0.0,None
207061,0.0,None
207062,1.0,"[""E15""]"
207063,1.0,"[""E15""]"
207064,1.0,"[""E15""]"
207065,0.0,None
207758,1.0,"[""E15"",""E20-E25"",""E30-E35"",""E40-Plus""]"
207863,1.0,"[""E15""]"
207864,1.0,"[""E15""]"
207865,1.0,"[""E15""]"
207866,1.0,"[""E15""]"
207867,1.0,"[""E15"",""E30-E35""]"
207920,1.0,"[""E15""]"
207922,1.0,"[""E15""]"
207923,1.0,"[""E15""]"
207924,1.0,"[""E15""]"
207925,1.0,"[""E15""]"
207926,1.0,"[""E15""]"
207927,1.0,"[""E15""]"
211805,0.0,None
211806,0.0,None
211807,0.0,None
211809,0.0,None
211997,1.0,"[""E15""]"
211998,0.0,None
211999,0.0,None
212000,0.0,None
212001,1.0,"[""E30-E35""]"
212082,0.0,None
212083,0.0,None
212084,0.0,None
212159,0.0,None
212160,0.0,None
212161,0.0,None
212162,0.0,None
212163,0.0,None
212164,0.0,None
212165,0.0,None
212166,0.0,None
212167,0.0,None
212168,0.0,None
212169,0.0,None
213118,1.0,"[""E15""]"
213119,1.0,"[""E15""]"
213120,1.0,"[""E15""]"
213121,1.0,"[""E15""]"
213122,1.0,"[""E15""]"
213123,1.0,"[""E15""]"
213124,1.0,"[""E15""]"
213125,1.0,"[""E15""]"
213126,1.0,"[""E15""]"
213127,1.0,"[""E15""]"
213652,1.0,"[""E15""]"
213653,0.0,None
213655,1.0,"[""E15""]"
213656,0.0,None
213658,0.0,None
213801,0.0,None
213802,1.0,"[""E15""]"
213803,0.0,None
213804,0.0,None
213854,0.0,None
213862,0.0,None
213996,1.0,"[""E15""]"
214922,1.0,"[""E15""]"
214923,1.0,"[""E15""]"
214924,1.0,"[""E15""]"
214925,0.0,None
214926,0.0,None
217419,0.0,None
219596,0.0,None
219597,0.0,None
219598,0.0,None
219599,0.0,None
219600,0.0,None
219601,0.0,None
219602,0.0,None
219603,0.0,None
219604,0.0,None
219605,0.0,None
219606,0.0,None
219607,0.0,None
219608,1.0,"[""E15""]"
219609,1.0,"[""E15""]"
219610,1.0,"[""E15""]"
219611,1.0,"[""E15""]"
219612,1.0,"[""E15""]"
219613,1.0,"[""E15""]"
219614,1.0,"[""E15""]"
219615,1.0,"[""E15""]"
219616,1.0,"[""E15""]"
219617,0.0,None
219618,1.0,"[""E15""]"
219620,1.0,"[""E15""]"
219621,1.0,"[""E15""]"
219622,1.0,"[""E15""]"
219623,1.0,"[""E15""]"
219624,1.0,"[""E15""]"
219625,1.0,"[""E15""]"
219626,1.0,"[""E15""]"
219627,1.0,"[""E15""]"
219629,1.0,"[""E15""]"
219630,1.0,"[""E15""]"
219631,1.0,"[""E15""]"
219632,1.0,"[""E15""]"
219633,0.0,None
219634,0.0,None
219635,0.0,None
219636,1.0,"[""E15""]"
219637,1.0,"[""E15""]"
219638,1.0,"[""E15""]"
219639,1.0,"[""E15""]"
219640,1.0,"[""E15""]"
219641,1.0,"[""E15""]"
219642,1.0,"[""E15""]"
219643,1.0,"[""E15""]"
219645,1.0,"[""E15""]"
219646,1.0,"[""E15""]"
219647,1.0,"[""E15""]"
219648,1.0,"[""E15""]"
219649,1.0,"[""E15""]"
219650,1.0,"[""E15""]"
219651,1.0,"[""E15""]"
219652,1.0,"[""E15""]"
219653,1.0,"[""E15""]"
219654,1.0,"[""E15""]"
219655,0.0,None
219656,1.0,"[""E15""]"
219657,0.0,None
219658,1.0,"[""E15""]"
219659,1.0,"[""E15""]"
219660,1.0,"[""E15""]"
219661,1.0,"[""E15""]"
219662,0.0,None
219663,1.0,"[""E15""]"
219664,1.0,"[""E15""]"
219665,1.0,"[""E15""]"
219666,1.0,"[""E15""]"
219667,1.0,"[""E15""]"
219668,1.0,"[""E15""]"
219669,1.0,"[""E15""]"
219670,1.0,"[""E15""]"
219671,1.0,"[""E15""]"
219672,1.0,"[""E15""]"
219673,1.0,"[""E15""]"
219674,1.0,"[""E15""]"
219675,1.0,"[""E15""]"
219676,1.0,"[""E15""]"
219677,1.0,"[""E15""]"
219678,1.0,"[""E15""]"
219679,1.0,"[""E15""]"
219680,1.0,"[""E15""]"
219681,1.0,"[""E15""]"
219682,1.0,"[""E15""]"
219683,1.0,"[""E15""]"
219684,1.0,"[""E15""]"
219685,1.0,"[""E15""]"
219686,1.0,"[""E15""]"
219687,1.0,"[""E15""]"
219688,1.0,"[""E15""]"
219689,1.0,"[""E15""]"
219690,1.0,"[""E15""]"
219691,1.0,"[""E15""]"
219692,1.0,"[""E15""]"
219693,1.0,"[""E15""]"
219694,1.0,"[""E15""]"
219695,1.0,"[""E15""]"
219696,1.0,"[""E15""]"
219697,1.0,"[""E15""]"
219698,0.0,None
219699,1.0,"[""E15""]"
219700,1.0,"[""E15""]"
219701,1.0,"[""E15""]"
219702,1.0,"[""E15""]"
219703,1.0,"[""E15""]"
219704,1.0,"[""E15""]"
219705,1.0,"[""E15""]"
219706,1.0,"[""E15""]"
219707,0.0,None
219708,1.0,"[""E15""]"
219714,0.0,None
219715,0.0,None
219716,0.0,None
219717,0.0,None
219718,0.0,None
219719,0.0,None
219723,0.0,None
219724,0.0,None
219725,0.0,None
219726,0.0,None
219727,0.0,None
219728,0.0,None
219729,0.0,None
219730,0.0,None
219731,0.0,None
219732,0.0,None
219733,0.0,None
219734,0.0,None
219820,1.0,"[""E15""]"
219821,1.0,"[""E15""]"
219822,1.0,"[""E15""]"
219823,1.0,"[""E15""]"
219824,1.0,"[""E15""]"
219825,1.0,"[""E15""]"
219826,1.0,"[""E15""]"
219827,0.0,None
219828,0.0,None
219830,1.0,"[""E15""]"
219831,0.0,None
219832,1.0,"[""E15""]"
219833,1.0,"[""E15""]"
219834,0.0,None
219835,1.0,"[""E15""]"
219836,0.0,None
219837,1.0,"[""E15""]"
219838,1.0,"[""E15""]"
219839,1.0,"[""E15""]"
219840,1.0,"[""E15""]"
220799,0.0,None
222148,1.0,"[""E15""]"
223604,0.0,None
223676,0.0,None
223678,0.0,None
224632,0.0,None
224719,0.0,None
224720,0.0,None
224724,0.0,None
224766,0.0,None
224767,1.0,"[""E15"",""E20-E25"",""E30-E35""]"
224768,0.0,None
224769,1.0,"[""E40-Plus""]"
224770,0.0,None
224830,0.0,None
224831,0.0,"[""E15""]"
224832,0.0,None
224835,0.0,None
224838,0.0,None
225584,0.0,None
225631,0.0,None
225634,0.0,None
225636,0.0,None
225638,0.0,None
225639,0.0,None
225640,0.0,None
225641,0.0,None
226785,0.0,None
226786,1.0,"[""E15""]"
226787,0.0,None
226850,0.0,None
227819,1.0,"[""E15""]"
227820,1.0,"[""E15""]"
227821,1.0,"[""E15""]"
227830,0.0,None
233396,0.0,None
235930,0.0,None
236113,0.0,None
236114,0.0,None
236115,1.0,"[""E40-Plus""]"
236381,0.0,None
236455,0.0,None
236457,0.0,None
236458,0.0,None
236459,0.0,None
236549,0.0,None
236550,0.0,None
236551,0.0,None
236552,0.0,None
236553,0.0,None
236554,0.0,None
236556,0.0,None
236557,0.0,None
237089,0.0,None
237090,0.0,None
237091,0.0,None
237092,0.0,None
237093,0.0,None
237094,0.0,None
237095,0.0,None
237096,0.0,None
237097,0.0,None
237098,0.0,None
237100,0.0,None
237101,0.0,None
237102,0.0,None
237103,0.0,None
237104,0.0,None
237105,0.0,None
237106,0.0,None
237107,0.0,None
237109,0.0,None
237110,0.0,None
237111,0.0,None
237112,0.0,None
237113,0.0,None
237114,0.0,None
237117,1.0,"[""E15""]"
237118,1.0,"[""E15""]"
237119,1.0,"[""E15""]"
237120,1.0,"[""E15""]"
238009,0.0,None
238686,0.0,None
238759,0.0,None
240999,0.0,None
250453,0.0,None
250454,0.0,None
250455,0.0,None
250456,0.0,None
250457,1.0,"[""E15""]"
250458,0.0,None
250459,1.0,"[""E40-Plus""]"
250461,1.0,"[""E15"",""E40-Plus""]"
250462,0.0,None
250463,0.0,None
250464,1.0,"[""E40-Plus""]"
250794,0.0,None
251091,0.0,None
251092,0.0,None
251193,0.0,None
251710,0.0,None
251712,1.0,"[""E40-Plus""]"
251730,0.0,None
251747,0.0,None
251748,0.0,None
251749,0.0,None
251750,0.0,None
251751,0.0,None
251753,0.0,None
252127,0.0,None
252128,0.0,None
252681,1.0,"[""E15""]"
252684,0.0,None
252733,0.0,None
252788,1.0,"[""E15""]"
252789,0.0,None
252790,1.0,"[""E15""]"
252791,0.0,None
252792,0.0,None
252793,0.0,None
253403,0.0,None
253404,1.0,"[""E40-Plus""]"
253507,1.0,"[""E15""]"
253508,0.0,None
254341,0.0,None
254345,0.0,None
255424,0.0,None
255425,0.0,None
255426,1.0,"[""E40-Plus""]"
255427,0.0,None
255428,0.0,None
255429,0.0,None
255430,0.0,None
255431,0.0,None
255432,0.0,None
255433,0.0,None
255565,0.0,None
255566,0.0,None
