sid,lpg_primary,lpg_nozzle_types
13050,0.0,"[""ACME""]"
13298,1.0,"[""ACME""]"
13343,0.0,"[""ACME""]"
13366,0.0,"[""ACME""]"
13367,1.0,"[""ACME""]"
13371,0.0,"[""ACME""]"
13401,1.0,"[""ACME"",""QUICK_CONNECT""]"
13444,1.0,"[""ACME""]"
13472,1.0,"[""ACME""]"
13510,0.0,None
13518,0.0,"[""QUICK_CONNECT""]"
13539,0.0,"[""ACME""]"
13545,0.0,"[""ACME""]"
13553,0.0,"[""ACME"",""QUICK_CONNECT""]"
13556,0.0,"[""ACME""]"
13597,1.0,"[""ACME"",""QUICK_CONNECT""]"
13602,0.0,"[""ACME"",""QUICK_CONNECT""]"
13603,0.0,"[""ACME""]"
13618,1.0,"[""ACME"",""QUICK_CONNECT""]"
13634,1.0,"[""ACME""]"
13636,0.0,"[""ACME""]"
13655,0.0,"[""ACME""]"
13712,None,None
13723,1.0,"[""ACME""]"
13725,0.0,"[""ACME""]"
13726,1.0,"[""ACME""]"
13727,1.0,"[""QUICK_CONNECT""]"
13748,1.0,"[""QUICK_CONNECT""]"
13775,0.0,"[""ACME""]"
13782,0.0,"[""ACME"",""QUICK_CONNECT""]"
13789,0.0,"[""ACME"",""QUICK_CONNECT""]"
13791,1.0,"[""QUICK_CONNECT""]"
13792,0.0,"[""ACME"",""QUICK_CONNECT""]"
13798,1.0,"[""ACME"",""QUICK_CONNECT""]"
13801,0.0,"[""ACME""]"
13813,0.0,"[""ACME"",""QUICK_CONNECT""]"
13818,0.0,None
13822,1.0,None
13834,0.0,"[""ACME""]"
13839,1.0,"[""ACME""]"
13845,0.0,"[""ACME""]"
13847,1.0,"[""ACME""]"
13859,1.0,"[""ACME""]"
13887,0.0,"[""ACME""]"
13891,1.0,"[""ACME""]"
13892,1.0,"[""ACME""]"
13900,0.0,"[""ACME""]"
13917,0.0,"[""ACME""]"
13950,1.0,"[""ACME"",""QUICK_CONNECT""]"
13953,1.0,"[""ACME""]"
13981,0.0,"[""ACME""]"
13985,0.0,"[""ACME""]"
13988,0.0,None
13989,1.0,"[""ACME""]"
13992,0.0,"[""ACME""]"
14006,0.0,"[""ACME""]"
14010,0.0,"[""ACME""]"
14017,0.0,"[""ACME""]"
14022,0.0,"[""ACME""]"
14041,1.0,None
14056,0.0,"[""ACME""]"
14065,0.0,"[""ACME""]"
14072,0.0,"[""ACME""]"
14073,0.0,"[""ACME""]"
14078,0.0,"[""ACME""]"
14083,1.0,"[""ACME""]"
14084,0.0,"[""ACME""]"
14091,1.0,"[""ACME""]"
14096,0.0,"[""ACME""]"
14100,1.0,"[""ACME""]"
14105,1.0,"[""ACME""]"
14133,0.0,"[""ACME""]"
14137,0.0,"[""ACME""]"
14148,None,None
14158,0.0,"[""ACME""]"
14160,0.0,"[""ACME""]"
14183,0.0,"[""ACME""]"
14185,0.0,"[""ACME""]"
14186,0.0,"[""ACME""]"
14208,0.0,None
14225,0.0,"[""ACME""]"
14226,0.0,"[""ACME"",""QUICK_CONNECT""]"
14232,0.0,"[""ACME""]"
14236,0.0,"[""ACME""]"
14243,0.0,"[""ACME""]"
14244,0.0,None
14248,0.0,"[""ACME""]"
14249,0.0,"[""ACME""]"
14270,0.0,"[""ACME""]"
14273,1.0,"[""ACME""]"
14278,0.0,"[""ACME""]"
14286,0.0,"[""ACME""]"
14303,0.0,"[""ACME""]"
14326,0.0,"[""ACME""]"
14340,0.0,"[""ACME""]"
14365,1.0,"[""ACME""]"
14369,1.0,"[""ACME""]"
14375,0.0,"[""ACME""]"
14376,1.0,"[""ACME""]"
14387,0.0,"[""ACME"",""QUICK_CONNECT""]"
14389,0.0,"[""ACME""]"
14392,0.0,"[""ACME""]"
14399,0.0,"[""ACME""]"
14402,0.0,"[""ACME""]"
14407,1.0,"[""ACME""]"
14409,1.0,None
14410,0.0,"[""ACME""]"
14411,0.0,"[""ACME""]"
14416,1.0,"[""ACME""]"
14419,1.0,"[""ACME""]"
14421,1.0,"[""ACME""]"
14424,1.0,"[""ACME""]"
14426,0.0,"[""ACME""]"
14427,1.0,"[""ACME""]"
14432,0.0,"[""ACME""]"
14439,0.0,"[""ACME""]"
14458,1.0,"[""ACME""]"
14462,1.0,"[""ACME""]"
14466,0.0,"[""ACME""]"
14472,1.0,"[""ACME""]"
14482,0.0,None
14486,1.0,"[""ACME""]"
14489,0.0,"[""ACME""]"
14512,0.0,None
14525,0.0,"[""ACME""]"
14533,1.0,"[""ACME""]"
14551,1.0,"[""ACME""]"
14554,1.0,"[""ACME""]"
14557,0.0,"[""ACME""]"
14558,0.0,"[""ACME""]"
14567,0.0,None
14592,0.0,"[""ACME""]"
14593,0.0,None
14599,0.0,"[""ACME""]"
14608,0.0,"[""ACME""]"
14611,0.0,"[""ACME""]"
14612,0.0,"[""ACME"",""QUICK_CONNECT""]"
14614,0.0,"[""ACME""]"
14629,0.0,"[""ACME""]"
14672,1.0,None
14679,1.0,"[""ACME""]"
14687,1.0,"[""ACME""]"
14696,1.0,"[""ACME""]"
14697,1.0,"[""ACME""]"
14744,0.0,"[""ACME""]"
14747,1.0,"[""ACME""]"
14755,0.0,"[""ACME""]"
14765,0.0,"[""ACME""]"
14777,1.0,"[""ACME""]"
14779,0.0,None
14780,1.0,"[""ACME""]"
14810,0.0,"[""ACME""]"
14822,0.0,"[""ACME""]"
14842,1.0,"[""ACME""]"
14846,1.0,"[""ACME""]"
14860,0.0,"[""ACME""]"
14862,0.0,None
14863,1.0,"[""ACME"",""QUICK_CONNECT""]"
14869,0.0,"[""ACME""]"
14889,1.0,"[""ACME""]"
14912,1.0,"[""QUICK_CONNECT""]"
14927,0.0,"[""ACME""]"
14932,1.0,"[""ACME"",""QUICK_CONNECT""]"
14937,1.0,"[""ACME"",""QUICK_CONNECT""]"
14942,1.0,"[""ACME""]"
14959,0.0,"[""ACME""]"
14970,0.0,"[""ACME"",""QUICK_CONNECT""]"
14980,0.0,"[""ACME"",""QUICK_CONNECT""]"
14985,1.0,"[""ACME"",""QUICK_CONNECT""]"
15021,0.0,"[""ACME""]"
15024,0.0,None
15038,0.0,"[""ACME"",""QUICK_CONNECT""]"
15059,1.0,"[""ACME""]"
15079,1.0,"[""ACME""]"
15084,1.0,"[""ACME""]"
15086,1.0,"[""ACME""]"
15095,0.0,"[""ACME""]"
15106,1.0,"[""ACME""]"
15116,1.0,"[""ACME""]"
15120,0.0,"[""ACME""]"
15130,0.0,"[""ACME""]"
15133,0.0,None
15134,1.0,"[""QUICK_CONNECT""]"
15139,0.0,"[""ACME""]"
15163,0.0,"[""ACME""]"
15185,0.0,"[""ACME""]"
15212,1.0,"[""QUICK_CONNECT""]"
15244,0.0,"[""ACME""]"
15287,0.0,"[""ACME""]"
15305,1.0,"[""ACME""]"
15330,1.0,"[""ACME""]"
15337,0.0,"[""ACME""]"
15350,0.0,"[""ACME""]"
15351,1.0,"[""ACME""]"
15375,0.0,"[""ACME""]"
15382,0.0,"[""ACME""]"
15386,0.0,"[""ACME""]"
15393,0.0,"[""ACME""]"
15402,1.0,"[""ACME"",""QUICK_CONNECT""]"
15435,1.0,"[""ACME""]"
15436,1.0,"[""ACME""]"
15437,0.0,"[""ACME""]"
15445,1.0,"[""ACME""]"
15480,0.0,"[""ACME""]"
15491,0.0,"[""ACME""]"
15498,1.0,"[""ACME""]"
15502,1.0,"[""ACME""]"
15503,1.0,"[""ACME""]"
15509,0.0,"[""ACME""]"
15513,1.0,"[""ACME"",""QUICK_CONNECT""]"
15553,1.0,"[""ACME""]"
15569,1.0,"[""ACME""]"
15576,0.0,"[""ACME""]"
15581,0.0,"[""ACME""]"
15598,0.0,"[""ACME""]"
15619,1.0,"[""ACME""]"
15657,1.0,"[""ACME""]"
15661,0.0,"[""ACME""]"
15672,0.0,"[""ACME""]"
15682,0.0,"[""ACME""]"
15686,0.0,"[""ACME""]"
15707,0.0,"[""ACME""]"
15711,0.0,"[""ACME""]"
15714,0.0,"[""ACME""]"
15717,1.0,"[""ACME""]"
15759,0.0,"[""ACME""]"
15766,0.0,"[""ACME""]"
15807,1.0,"[""ACME""]"
15810,0.0,"[""ACME""]"
15811,0.0,"[""ACME""]"
15819,1.0,"[""ACME""]"
15830,1.0,"[""ACME""]"
15855,0.0,"[""ACME""]"
15858,0.0,None
15859,1.0,"[""ACME""]"
15864,1.0,"[""ACME""]"
15866,0.0,"[""ACME""]"
15874,1.0,"[""ACME""]"
15878,0.0,None
15887,0.0,"[""ACME""]"
15889,1.0,"[""ACME""]"
15892,0.0,"[""ACME""]"
15902,0.0,"[""ACME""]"
15904,1.0,"[""ACME""]"
15911,0.0,"[""ACME"",""QUICK_CONNECT""]"
15967,0.0,None
15979,0.0,"[""ACME""]"
15997,0.0,"[""ACME""]"
16008,0.0,"[""QUICK_CONNECT""]"
16012,0.0,"[""ACME""]"
16048,1.0,"[""ACME""]"
16051,1.0,"[""ACME""]"
17458,0.0,"[""ACME""]"
17461,1.0,"[""ACME""]"
17480,0.0,"[""ACME""]"
17491,0.0,"[""ACME""]"
17537,0.0,"[""ACME""]"
17539,0.0,"[""ACME""]"
17541,0.0,"[""ACME""]"
17565,0.0,"[""ACME""]"
17587,0.0,"[""ACME""]"
17598,0.0,"[""ACME""]"
17607,0.0,"[""ACME""]"
17635,1.0,"[""ACME"",""QUICK_CONNECT""]"
17636,1.0,"[""ACME""]"
17639,0.0,"[""ACME""]"
17654,0.0,"[""ACME""]"
17659,0.0,"[""ACME""]"
17668,0.0,"[""ACME""]"
17799,0.0,"[""ACME""]"
17899,0.0,"[""ACME""]"
17915,0.0,"[""ACME"",""QUICK_CONNECT""]"
18075,0.0,None
18077,0.0,"[""ACME""]"
18084,0.0,"[""ACME""]"
18090,0.0,"[""ACME""]"
18107,0.0,"[""ACME""]"
18189,0.0,"[""ACME""]"
18214,0.0,"[""ACME""]"
18471,0.0,"[""ACME""]"
18472,1.0,"[""ACME""]"
18485,1.0,"[""ACME""]"
18513,0.0,"[""ACME""]"
18528,0.0,"[""ACME""]"
18533,0.0,"[""ACME""]"
18537,0.0,"[""ACME""]"
18573,0.0,"[""ACME""]"
18614,0.0,"[""ACME""]"
18726,0.0,"[""ACME""]"
18784,0.0,"[""ACME""]"
18827,0.0,"[""ACME""]"
18828,0.0,"[""ACME""]"
18834,None,None
18861,1.0,None
19114,1.0,"[""ACME"",""QUICK_CONNECT""]"
19126,0.0,"[""ACME""]"
19127,0.0,"[""ACME""]"
19154,1.0,"[""ACME""]"
19158,1.0,"[""ACME"",""QUICK_CONNECT""]"
19160,1.0,"[""ACME"",""QUICK_CONNECT""]"
19161,0.0,"[""ACME"",""QUICK_CONNECT""]"
19163,0.0,"[""ACME"",""QUICK_CONNECT""]"
19168,1.0,"[""ACME"",""QUICK_CONNECT""]"
19171,1.0,"[""ACME"",""QUICK_CONNECT""]"
19173,1.0,"[""ACME"",""QUICK_CONNECT""]"
19174,0.0,"[""ACME"",""QUICK_CONNECT""]"
19175,1.0,"[""ACME"",""QUICK_CONNECT""]"
19176,1.0,"[""ACME"",""QUICK_CONNECT""]"
19180,1.0,"[""ACME"",""QUICK_CONNECT""]"
19182,0.0,"[""ACME"",""QUICK_CONNECT""]"
19184,0.0,"[""ACME"",""QUICK_CONNECT""]"
19186,0.0,None
19188,1.0,"[""ACME"",""QUICK_CONNECT""]"
19191,0.0,"[""ACME"",""QUICK_CONNECT""]"
19199,0.0,None
19201,1.0,"[""ACME"",""QUICK_CONNECT""]"
19202,0.0,"[""ACME"",""QUICK_CONNECT""]"
19203,0.0,"[""ACME"",""QUICK_CONNECT""]"
19204,0.0,None
19205,0.0,"[""ACME"",""QUICK_CONNECT""]"
19208,0.0,None
19211,0.0,"[""ACME"",""QUICK_CONNECT""]"
19212,0.0,"[""ACME"",""QUICK_CONNECT""]"
19216,0.0,"[""ACME"",""QUICK_CONNECT""]"
19229,0.0,"[""ACME"",""QUICK_CONNECT""]"
19234,0.0,"[""ACME"",""QUICK_CONNECT""]"
19236,0.0,None
19275,1.0,"[""ACME"",""QUICK_CONNECT""]"
19276,1.0,"[""ACME"",""QUICK_CONNECT""]"
19277,1.0,"[""ACME"",""QUICK_CONNECT""]"
19280,1.0,"[""ACME"",""QUICK_CONNECT""]"
19281,1.0,"[""ACME"",""QUICK_CONNECT""]"
19282,1.0,"[""ACME"",""QUICK_CONNECT""]"
19287,1.0,"[""ACME"",""QUICK_CONNECT""]"
19288,1.0,"[""ACME"",""QUICK_CONNECT""]"
19290,1.0,"[""ACME"",""QUICK_CONNECT""]"
19297,1.0,"[""ACME"",""QUICK_CONNECT""]"
19298,0.0,"[""ACME"",""QUICK_CONNECT""]"
19299,0.0,"[""ACME"",""QUICK_CONNECT""]"
19302,1.0,"[""ACME"",""QUICK_CONNECT""]"
19307,1.0,"[""ACME"",""QUICK_CONNECT""]"
19310,1.0,"[""QUICK_CONNECT"",""ACME""]"
19312,1.0,"[""ACME"",""QUICK_CONNECT""]"
19314,1.0,None
19317,0.0,"[""ACME"",""QUICK_CONNECT""]"
19327,1.0,"[""ACME"",""QUICK_CONNECT""]"
19328,0.0,None
19329,1.0,"[""ACME"",""QUICK_CONNECT""]"
19330,1.0,"[""ACME"",""QUICK_CONNECT""]"
19333,1.0,"[""ACME"",""QUICK_CONNECT""]"
19335,1.0,"[""ACME"",""QUICK_CONNECT""]"
19341,1.0,"[""ACME"",""QUICK_CONNECT""]"
19343,0.0,None
19350,1.0,"[""ACME"",""QUICK_CONNECT""]"
19351,1.0,"[""ACME"",""QUICK_CONNECT""]"
19360,0.0,"[""ACME"",""QUICK_CONNECT""]"
19362,0.0,"[""ACME"",""QUICK_CONNECT""]"
19363,1.0,"[""ACME"",""QUICK_CONNECT""]"
19368,0.0,"[""ACME"",""QUICK_CONNECT""]"
19378,1.0,"[""ACME"",""QUICK_CONNECT""]"
19379,1.0,"[""ACME"",""QUICK_CONNECT""]"
19381,1.0,"[""ACME"",""QUICK_CONNECT""]"
19383,0.0,"[""ACME"",""QUICK_CONNECT""]"
19387,1.0,"[""ACME"",""QUICK_CONNECT""]"
19392,1.0,"[""ACME"",""QUICK_CONNECT""]"
19393,1.0,"[""ACME"",""QUICK_CONNECT""]"
19394,1.0,"[""ACME"",""QUICK_CONNECT""]"
19396,1.0,"[""ACME"",""QUICK_CONNECT""]"
19402,1.0,"[""ACME"",""QUICK_CONNECT""]"
19403,1.0,"[""ACME"",""QUICK_CONNECT""]"
19404,1.0,"[""ACME"",""QUICK_CONNECT""]"
19412,1.0,"[""ACME"",""QUICK_CONNECT""]"
19418,1.0,"[""ACME"",""QUICK_CONNECT""]"
19419,1.0,"[""ACME"",""QUICK_CONNECT""]"
19420,1.0,"[""ACME"",""QUICK_CONNECT""]"
19427,0.0,"[""ACME"",""QUICK_CONNECT""]"
19428,1.0,"[""ACME"",""QUICK_CONNECT""]"
19431,0.0,"[""ACME"",""QUICK_CONNECT""]"
19439,0.0,"[""ACME"",""QUICK_CONNECT""]"
19466,1.0,"[""ACME"",""QUICK_CONNECT""]"
19477,1.0,"[""ACME"",""QUICK_CONNECT""]"
19478,1.0,"[""ACME"",""QUICK_CONNECT""]"
19479,1.0,"[""ACME"",""QUICK_CONNECT""]"
19480,1.0,"[""ACME"",""QUICK_CONNECT""]"
19481,1.0,"[""ACME"",""QUICK_CONNECT""]"
19485,1.0,"[""ACME"",""QUICK_CONNECT""]"
19487,1.0,"[""ACME"",""QUICK_CONNECT""]"
19507,1.0,"[""ACME"",""QUICK_CONNECT""]"
19511,1.0,"[""ACME"",""QUICK_CONNECT""]"
19513,1.0,"[""ACME"",""QUICK_CONNECT""]"
19514,1.0,"[""ACME"",""QUICK_CONNECT""]"
19517,0.0,"[""ACME"",""QUICK_CONNECT""]"
19518,1.0,"[""ACME"",""QUICK_CONNECT""]"
19519,1.0,"[""ACME"",""QUICK_CONNECT""]"
19520,1.0,"[""ACME"",""QUICK_CONNECT""]"
19521,1.0,"[""ACME"",""QUICK_CONNECT""]"
19522,0.0,"[""ACME"",""QUICK_CONNECT""]"
19530,0.0,"[""ACME"",""QUICK_CONNECT""]"
19544,0.0,"[""ACME"",""QUICK_CONNECT""]"
19546,0.0,"[""QUICK_CONNECT"",""ACME""]"
19547,1.0,"[""ACME"",""QUICK_CONNECT""]"
19548,1.0,"[""ACME"",""QUICK_CONNECT""]"
19557,1.0,"[""ACME"",""QUICK_CONNECT""]"
19559,1.0,"[""ACME"",""QUICK_CONNECT""]"
19560,0.0,"[""ACME"",""QUICK_CONNECT""]"
19566,1.0,"[""ACME"",""QUICK_CONNECT""]"
19568,0.0,"[""QUICK_CONNECT"",""ACME""]"
19570,1.0,"[""QUICK_CONNECT"",""ACME""]"
19572,1.0,"[""ACME"",""QUICK_CONNECT""]"
19575,0.0,"[""QUICK_CONNECT"",""ACME""]"
19576,1.0,"[""ACME"",""QUICK_CONNECT""]"
19579,0.0,"[""ACME"",""QUICK_CONNECT""]"
19580,0.0,"[""QUICK_CONNECT"",""ACME""]"
19581,1.0,"[""QUICK_CONNECT"",""ACME""]"
19588,1.0,"[""QUICK_CONNECT"",""ACME""]"
19589,0.0,"[""ACME"",""QUICK_CONNECT""]"
19600,1.0,"[""QUICK_CONNECT"",""ACME""]"
19602,0.0,"[""QUICK_CONNECT"",""ACME""]"
19606,1.0,"[""QUICK_CONNECT"",""ACME""]"
19609,1.0,"[""ACME"",""QUICK_CONNECT""]"
19627,0.0,"[""ACME"",""QUICK_CONNECT""]"
19630,1.0,"[""ACME"",""QUICK_CONNECT""]"
19642,1.0,"[""ACME"",""QUICK_CONNECT""]"
19643,1.0,"[""ACME"",""QUICK_CONNECT""]"
19644,1.0,"[""ACME"",""QUICK_CONNECT""]"
19646,1.0,"[""ACME"",""QUICK_CONNECT""]"
19647,1.0,"[""ACME"",""QUICK_CONNECT""]"
19651,1.0,"[""ACME"",""QUICK_CONNECT""]"
19652,1.0,"[""ACME"",""QUICK_CONNECT""]"
19654,1.0,"[""ACME"",""QUICK_CONNECT""]"
19656,1.0,"[""ACME"",""QUICK_CONNECT""]"
19662,1.0,"[""ACME"",""QUICK_CONNECT""]"
19667,0.0,"[""ACME"",""QUICK_CONNECT""]"
19668,1.0,"[""ACME"",""QUICK_CONNECT""]"
19669,1.0,"[""ACME"",""QUICK_CONNECT""]"
19670,1.0,"[""ACME"",""QUICK_CONNECT""]"
19671,1.0,"[""ACME"",""QUICK_CONNECT""]"
19678,1.0,"[""QUICK_CONNECT"",""ACME""]"
19679,1.0,"[""ACME"",""QUICK_CONNECT""]"
19682,1.0,"[""ACME"",""QUICK_CONNECT""]"
19683,0.0,"[""ACME"",""QUICK_CONNECT""]"
19685,1.0,"[""ACME"",""QUICK_CONNECT""]"
19686,1.0,"[""ACME"",""QUICK_CONNECT""]"
19687,0.0,"[""ACME"",""QUICK_CONNECT""]"
19693,1.0,"[""QUICK_CONNECT"",""ACME""]"
19694,1.0,"[""ACME"",""QUICK_CONNECT""]"
19696,0.0,"[""ACME""]"
19701,1.0,"[""ACME"",""QUICK_CONNECT""]"
19710,1.0,"[""ACME"",""QUICK_CONNECT""]"
19711,1.0,None
19714,1.0,"[""ACME"",""QUICK_CONNECT""]"
19720,0.0,"[""ACME"",""QUICK_CONNECT""]"
19731,0.0,"[""ACME"",""QUICK_CONNECT""]"
19733,1.0,"[""ACME"",""QUICK_CONNECT""]"
19734,0.0,"[""ACME"",""QUICK_CONNECT""]"
19736,0.0,"[""ACME"",""QUICK_CONNECT""]"
19738,1.0,"[""QUICK_CONNECT"",""ACME""]"
19739,0.0,"[""ACME"",""QUICK_CONNECT""]"
19741,0.0,None
19742,0.0,None
19744,0.0,"[""ACME"",""QUICK_CONNECT""]"
19745,1.0,"[""ACME"",""QUICK_CONNECT""]"
19746,0.0,"[""ACME"",""QUICK_CONNECT""]"
19747,0.0,"[""ACME"",""QUICK_CONNECT""]"
19748,1.0,"[""ACME"",""QUICK_CONNECT""]"
19751,0.0,"[""ACME"",""QUICK_CONNECT""]"
19755,0.0,"[""QUICK_CONNECT"",""ACME""]"
19756,0.0,"[""QUICK_CONNECT"",""ACME""]"
19757,1.0,"[""ACME"",""QUICK_CONNECT""]"
19759,0.0,"[""QUICK_CONNECT"",""ACME""]"
19760,0.0,None
19762,1.0,"[""ACME"",""QUICK_CONNECT""]"
19767,1.0,"[""ACME"",""QUICK_CONNECT""]"
19770,1.0,"[""ACME""]"
19771,1.0,"[""ACME"",""QUICK_CONNECT""]"
19772,0.0,"[""QUICK_CONNECT"",""ACME""]"
19774,1.0,"[""ACME"",""QUICK_CONNECT""]"
19777,0.0,"[""ACME"",""QUICK_CONNECT""]"
19780,1.0,"[""ACME"",""QUICK_CONNECT""]"
19781,0.0,"[""ACME"",""QUICK_CONNECT""]"
19782,0.0,"[""ACME"",""QUICK_CONNECT""]"
19786,1.0,"[""ACME"",""QUICK_CONNECT""]"
19787,0.0,"[""ACME"",""QUICK_CONNECT""]"
19788,0.0,"[""ACME"",""QUICK_CONNECT""]"
19789,1.0,"[""ACME"",""QUICK_CONNECT""]"
19790,1.0,"[""ACME"",""QUICK_CONNECT""]"
19794,1.0,"[""ACME"",""QUICK_CONNECT""]"
19796,1.0,"[""ACME"",""QUICK_CONNECT""]"
19797,0.0,"[""ACME"",""QUICK_CONNECT""]"
19800,0.0,"[""ACME"",""QUICK_CONNECT""]"
19801,0.0,None
19803,1.0,"[""ACME"",""QUICK_CONNECT""]"
19805,1.0,"[""ACME"",""QUICK_CONNECT""]"
19807,0.0,"[""ACME"",""QUICK_CONNECT""]"
19810,1.0,"[""QUICK_CONNECT"",""ACME""]"
19815,0.0,None
19817,1.0,"[""QUICK_CONNECT"",""ACME""]"
19819,0.0,"[""ACME"",""QUICK_CONNECT""]"
19828,0.0,"[""QUICK_CONNECT"",""ACME""]"
19833,0.0,"[""ACME"",""QUICK_CONNECT""]"
19834,0.0,None
19835,0.0,"[""QUICK_CONNECT"",""ACME""]"
19836,0.0,"[""ACME"",""QUICK_CONNECT""]"
19837,1.0,"[""QUICK_CONNECT"",""ACME""]"
19838,0.0,"[""QUICK_CONNECT"",""ACME""]"
19839,1.0,"[""QUICK_CONNECT"",""ACME""]"
19846,0.0,None
19848,1.0,"[""ACME"",""QUICK_CONNECT""]"
19849,1.0,"[""ACME"",""QUICK_CONNECT""]"
19850,0.0,"[""ACME"",""QUICK_CONNECT""]"
19858,1.0,"[""ACME"",""QUICK_CONNECT""]"
19863,1.0,"[""ACME"",""QUICK_CONNECT""]"
19864,1.0,"[""ACME"",""QUICK_CONNECT""]"
19867,0.0,"[""ACME"",""QUICK_CONNECT""]"
19869,1.0,"[""ACME"",""QUICK_CONNECT""]"
19871,1.0,"[""ACME"",""QUICK_CONNECT""]"
19873,1.0,"[""ACME"",""QUICK_CONNECT""]"
19876,0.0,"[""ACME"",""QUICK_CONNECT""]"
19877,0.0,"[""ACME"",""QUICK_CONNECT""]"
19878,0.0,"[""ACME"",""QUICK_CONNECT""]"
19886,0.0,"[""ACME"",""QUICK_CONNECT""]"
19889,0.0,"[""ACME"",""QUICK_CONNECT""]"
19893,0.0,None
19894,0.0,"[""ACME"",""QUICK_CONNECT""]"
19900,1.0,"[""ACME"",""QUICK_CONNECT""]"
19906,0.0,"[""ACME"",""QUICK_CONNECT""]"
19910,0.0,"[""ACME"",""QUICK_CONNECT""]"
19912,0.0,"[""ACME"",""QUICK_CONNECT""]"
19916,1.0,"[""QUICK_CONNECT"",""ACME""]"
19918,0.0,"[""ACME"",""QUICK_CONNECT""]"
19919,1.0,"[""QUICK_CONNECT"",""ACME""]"
19920,1.0,None
19924,1.0,"[""QUICK_CONNECT"",""ACME""]"
19925,1.0,"[""ACME"",""QUICK_CONNECT""]"
19926,1.0,"[""QUICK_CONNECT"",""ACME""]"
19927,1.0,"[""ACME"",""QUICK_CONNECT""]"
19931,0.0,"[""QUICK_CONNECT"",""ACME""]"
19932,1.0,"[""ACME"",""QUICK_CONNECT""]"
19934,1.0,"[""ACME"",""QUICK_CONNECT""]"
19936,1.0,"[""ACME"",""QUICK_CONNECT""]"
19937,0.0,"[""ACME"",""QUICK_CONNECT""]"
19938,1.0,"[""ACME"",""QUICK_CONNECT""]"
19941,1.0,"[""ACME"",""QUICK_CONNECT""]"
19942,1.0,"[""ACME"",""QUICK_CONNECT""]"
19947,1.0,"[""ACME"",""QUICK_CONNECT""]"
19948,0.0,"[""ACME"",""QUICK_CONNECT""]"
19951,1.0,"[""ACME"",""QUICK_CONNECT""]"
19952,0.0,"[""ACME"",""QUICK_CONNECT""]"
19955,1.0,"[""ACME"",""QUICK_CONNECT""]"
19956,1.0,"[""ACME"",""QUICK_CONNECT""]"
19957,0.0,"[""ACME"",""QUICK_CONNECT""]"
19961,1.0,"[""ACME"",""QUICK_CONNECT""]"
19962,0.0,"[""ACME"",""QUICK_CONNECT""]"
19963,1.0,"[""ACME"",""QUICK_CONNECT""]"
19964,1.0,"[""ACME"",""QUICK_CONNECT""]"
19966,1.0,"[""ACME"",""QUICK_CONNECT""]"
19967,1.0,"[""ACME"",""QUICK_CONNECT""]"
19968,0.0,"[""ACME"",""QUICK_CONNECT""]"
19973,0.0,"[""ACME"",""QUICK_CONNECT""]"
19974,0.0,"[""ACME"",""QUICK_CONNECT""]"
19976,0.0,"[""QUICK_CONNECT"",""ACME""]"
19978,0.0,"[""ACME"",""QUICK_CONNECT""]"
19979,0.0,"[""QUICK_CONNECT"",""ACME""]"
19981,0.0,"[""ACME"",""QUICK_CONNECT""]"
19988,1.0,"[""ACME"",""QUICK_CONNECT""]"
19990,1.0,"[""ACME"",""QUICK_CONNECT""]"
19994,0.0,"[""ACME"",""QUICK_CONNECT""]"
20000,0.0,"[""QUICK_CONNECT"",""ACME""]"
20002,1.0,"[""ACME"",""QUICK_CONNECT""]"
20003,0.0,"[""ACME"",""QUICK_CONNECT""]"
20005,0.0,"[""ACME"",""QUICK_CONNECT""]"
20006,0.0,"[""ACME"",""QUICK_CONNECT""]"
20007,1.0,"[""ACME"",""QUICK_CONNECT""]"
20009,0.0,"[""ACME"",""QUICK_CONNECT""]"
20010,0.0,"[""QUICK_CONNECT"",""ACME""]"
20013,1.0,"[""ACME"",""QUICK_CONNECT""]"
20014,0.0,"[""QUICK_CONNECT"",""ACME""]"
20019,1.0,"[""QUICK_CONNECT"",""ACME""]"
20020,1.0,"[""QUICK_CONNECT"",""ACME""]"
20023,0.0,"[""ACME"",""QUICK_CONNECT""]"
20025,0.0,None
20029,1.0,"[""ACME""]"
20031,1.0,"[""ACME""]"
20032,1.0,"[""ACME""]"
20033,1.0,"[""ACME""]"
20038,1.0,"[""QUICK_CONNECT"",""ACME""]"
20039,0.0,"[""QUICK_CONNECT"",""ACME""]"
20041,0.0,"[""QUICK_CONNECT"",""ACME""]"
20045,1.0,"[""ACME""]"
20047,1.0,"[""ACME""]"
20050,0.0,None
20058,0.0,"[""ACME""]"
20063,0.0,"[""ACME""]"
20070,1.0,"[""ACME""]"
20073,1.0,"[""ACME""]"
20078,1.0,"[""ACME""]"
20082,0.0,"[""QUICK_CONNECT"",""ACME""]"
20088,1.0,"[""ACME""]"
20091,0.0,"[""ACME""]"
20094,0.0,"[""ACME"",""QUICK_CONNECT""]"
20095,1.0,"[""ACME"",""QUICK_CONNECT""]"
20097,0.0,"[""ACME"",""QUICK_CONNECT""]"
20104,0.0,"[""ACME"",""QUICK_CONNECT""]"
20105,1.0,"[""ACME""]"
20107,0.0,"[""ACME""]"
20108,0.0,"[""ACME""]"
20109,0.0,None
20110,1.0,"[""QUICK_CONNECT"",""ACME""]"
20112,1.0,"[""ACME""]"
20121,0.0,"[""ACME""]"
20122,1.0,"[""ACME""]"
20124,0.0,"[""ACME""]"
20134,0.0,"[""ACME""]"
20136,1.0,"[""ACME"",""QUICK_CONNECT""]"
20139,1.0,"[""ACME""]"
20140,0.0,None
20154,0.0,"[""ACME"",""QUICK_CONNECT""]"
20159,1.0,"[""QUICK_CONNECT"",""ACME""]"
20161,1.0,"[""QUICK_CONNECT"",""ACME""]"
20164,0.0,"[""ACME""]"
20166,0.0,"[""QUICK_CONNECT"",""ACME""]"
20169,0.0,"[""ACME""]"
20174,0.0,"[""ACME""]"
20175,1.0,"[""QUICK_CONNECT"",""ACME""]"
20177,1.0,"[""ACME""]"
20178,0.0,"[""ACME""]"
20179,0.0,"[""ACME""]"
20180,1.0,"[""ACME""]"
20184,1.0,"[""ACME"",""QUICK_CONNECT""]"
20185,1.0,"[""ACME""]"
20189,1.0,"[""ACME"",""QUICK_CONNECT""]"
20191,0.0,"[""QUICK_CONNECT"",""ACME""]"
20192,1.0,"[""ACME""]"
20199,0.0,"[""ACME""]"
20202,0.0,"[""ACME""]"
20203,1.0,"[""ACME"",""QUICK_CONNECT""]"
20208,0.0,"[""ACME""]"
20214,0.0,"[""ACME""]"
20217,0.0,"[""ACME""]"
20222,1.0,"[""ACME""]"
20223,1.0,"[""QUICK_CONNECT"",""ACME""]"
20224,0.0,"[""ACME""]"
20225,0.0,"[""ACME""]"
20227,1.0,"[""ACME"",""QUICK_CONNECT""]"
20228,0.0,"[""ACME"",""QUICK_CONNECT""]"
20229,1.0,"[""ACME"",""QUICK_CONNECT""]"
20230,1.0,"[""QUICK_CONNECT"",""ACME""]"
20231,1.0,"[""ACME""]"
20235,1.0,"[""ACME""]"
20240,0.0,"[""ACME"",""QUICK_CONNECT""]"
20241,0.0,"[""ACME"",""QUICK_CONNECT""]"
20242,1.0,"[""ACME""]"
20245,0.0,"[""ACME""]"
20248,0.0,"[""ACME""]"
20250,0.0,"[""ACME""]"
20260,1.0,"[""ACME""]"
20264,1.0,"[""ACME""]"
20267,1.0,"[""ACME""]"
20271,0.0,"[""ACME"",""QUICK_CONNECT""]"
20272,0.0,"[""QUICK_CONNECT"",""ACME""]"
20282,0.0,"[""ACME""]"
20287,0.0,"[""ACME""]"
20289,1.0,"[""ACME""]"
20292,0.0,"[""ACME""]"
20293,0.0,"[""ACME""]"
20307,0.0,"[""ACME""]"
20321,0.0,"[""ACME""]"
20322,0.0,None
20325,0.0,"[""ACME""]"
20326,0.0,"[""ACME""]"
20327,0.0,"[""ACME""]"
20334,1.0,"[""ACME"",""QUICK_CONNECT""]"
20335,1.0,"[""ACME"",""QUICK_CONNECT""]"
20336,1.0,"[""ACME"",""QUICK_CONNECT""]"
20337,1.0,"[""ACME"",""QUICK_CONNECT""]"
20341,0.0,"[""ACME"",""QUICK_CONNECT""]"
20342,0.0,"[""ACME"",""QUICK_CONNECT""]"
20343,1.0,"[""ACME"",""QUICK_CONNECT""]"
20344,1.0,"[""ACME"",""QUICK_CONNECT""]"
20346,1.0,"[""ACME"",""QUICK_CONNECT""]"
20349,1.0,"[""ACME"",""QUICK_CONNECT""]"
20350,0.0,"[""ACME"",""QUICK_CONNECT""]"
20357,1.0,"[""ACME"",""QUICK_CONNECT""]"
20358,1.0,"[""ACME"",""QUICK_CONNECT""]"
20359,1.0,"[""ACME"",""QUICK_CONNECT""]"
20362,0.0,"[""ACME""]"
20363,0.0,"[""ACME""]"
20368,1.0,"[""ACME"",""QUICK_CONNECT""]"
20373,1.0,"[""ACME"",""QUICK_CONNECT""]"
20378,0.0,"[""ACME"",""QUICK_CONNECT""]"
20382,1.0,"[""ACME"",""QUICK_CONNECT""]"
20385,0.0,"[""ACME"",""QUICK_CONNECT""]"
20386,0.0,"[""ACME""]"
20390,1.0,"[""ACME"",""QUICK_CONNECT""]"
20392,0.0,"[""ACME"",""QUICK_CONNECT""]"
20393,0.0,"[""ACME"",""QUICK_CONNECT""]"
20394,1.0,"[""ACME"",""QUICK_CONNECT""]"
20397,1.0,"[""ACME"",""QUICK_CONNECT""]"
20399,1.0,"[""ACME"",""QUICK_CONNECT""]"
20400,1.0,"[""ACME"",""QUICK_CONNECT""]"
20404,1.0,"[""ACME"",""QUICK_CONNECT""]"
20405,1.0,"[""ACME"",""QUICK_CONNECT""]"
20409,0.0,"[""ACME""]"
20410,0.0,None
20411,0.0,"[""ACME"",""QUICK_CONNECT""]"
20412,1.0,"[""ACME"",""QUICK_CONNECT""]"
20413,1.0,"[""ACME"",""QUICK_CONNECT""]"
20415,1.0,"[""ACME"",""QUICK_CONNECT""]"
20416,1.0,"[""ACME"",""QUICK_CONNECT""]"
20430,0.0,"[""ACME"",""QUICK_CONNECT""]"
20435,0.0,"[""ACME"",""QUICK_CONNECT""]"
20436,0.0,"[""ACME"",""QUICK_CONNECT""]"
20442,0.0,"[""ACME"",""QUICK_CONNECT""]"
20446,0.0,"[""ACME""]"
20447,1.0,"[""ACME"",""QUICK_CONNECT""]"
20451,1.0,"[""QUICK_CONNECT"",""ACME""]"
20452,0.0,"[""ACME"",""QUICK_CONNECT""]"
20453,1.0,"[""ACME"",""QUICK_CONNECT""]"
20454,1.0,"[""ACME"",""QUICK_CONNECT""]"
20455,1.0,"[""ACME"",""QUICK_CONNECT""]"
20458,1.0,"[""ACME"",""QUICK_CONNECT""]"
20459,1.0,"[""ACME"",""QUICK_CONNECT""]"
20460,0.0,"[""ACME"",""QUICK_CONNECT""]"
20461,0.0,"[""ACME"",""QUICK_CONNECT""]"
20464,1.0,"[""QUICK_CONNECT""]"
20466,1.0,"[""QUICK_CONNECT"",""ACME""]"
20471,1.0,"[""QUICK_CONNECT"",""ACME""]"
20472,None,"[""ACME"",""QUICK_CONNECT""]"
20474,1.0,"[""QUICK_CONNECT"",""ACME""]"
20475,1.0,"[""QUICK_CONNECT"",""ACME""]"
20478,1.0,"[""ACME"",""QUICK_CONNECT""]"
20479,0.0,"[""QUICK_CONNECT"",""ACME""]"
20480,1.0,"[""QUICK_CONNECT"",""ACME""]"
20489,1.0,"[""QUICK_CONNECT"",""ACME""]"
20492,0.0,"[""QUICK_CONNECT"",""ACME""]"
20493,1.0,"[""QUICK_CONNECT"",""ACME""]"
20496,1.0,"[""QUICK_CONNECT"",""ACME""]"
20499,1.0,"[""QUICK_CONNECT"",""ACME""]"
20500,0.0,"[""QUICK_CONNECT"",""ACME""]"
20501,1.0,"[""ACME""]"
20502,0.0,"[""QUICK_CONNECT"",""ACME""]"
20503,1.0,"[""ACME"",""QUICK_CONNECT""]"
20505,1.0,"[""ACME"",""QUICK_CONNECT""]"
20506,0.0,"[""QUICK_CONNECT"",""ACME""]"
20508,1.0,"[""QUICK_CONNECT"",""ACME""]"
20509,1.0,"[""QUICK_CONNECT"",""ACME""]"
20510,1.0,"[""QUICK_CONNECT"",""ACME""]"
20511,1.0,"[""ACME"",""QUICK_CONNECT""]"
20512,1.0,"[""QUICK_CONNECT"",""ACME""]"
20513,1.0,"[""QUICK_CONNECT"",""ACME""]"
20518,1.0,"[""ACME"",""QUICK_CONNECT""]"
20522,0.0,"[""ACME"",""QUICK_CONNECT""]"
20523,0.0,"[""ACME"",""QUICK_CONNECT""]"
20525,1.0,"[""QUICK_CONNECT"",""ACME""]"
20526,0.0,"[""ACME""]"
20530,1.0,"[""ACME"",""QUICK_CONNECT""]"
20534,1.0,"[""QUICK_CONNECT"",""ACME""]"
20535,1.0,"[""QUICK_CONNECT"",""ACME""]"
20536,1.0,"[""QUICK_CONNECT"",""ACME""]"
20540,1.0,"[""QUICK_CONNECT"",""ACME""]"
20541,1.0,"[""QUICK_CONNECT"",""ACME""]"
20546,1.0,"[""ACME"",""QUICK_CONNECT""]"
20550,0.0,None
20551,0.0,"[""ACME"",""QUICK_CONNECT""]"
20556,1.0,"[""QUICK_CONNECT"",""ACME""]"
20557,1.0,"[""ACME""]"
20558,0.0,None
20560,1.0,"[""ACME"",""QUICK_CONNECT""]"
20564,1.0,"[""ACME""]"
20568,1.0,"[""ACME""]"
20570,0.0,None
20573,0.0,"[""ACME""]"
20574,0.0,"[""ACME""]"
20576,1.0,"[""QUICK_CONNECT"",""ACME""]"
20577,0.0,"[""ACME"",""QUICK_CONNECT""]"
20578,0.0,"[""ACME""]"
20580,0.0,"[""QUICK_CONNECT"",""ACME""]"
20588,0.0,"[""ACME""]"
20590,1.0,"[""QUICK_CONNECT"",""ACME""]"
20594,1.0,"[""QUICK_CONNECT"",""ACME""]"
20595,1.0,"[""QUICK_CONNECT"",""ACME""]"
20599,1.0,"[""QUICK_CONNECT"",""ACME""]"
20602,1.0,"[""QUICK_CONNECT"",""ACME""]"
20603,0.0,"[""ACME""]"
20605,1.0,"[""QUICK_CONNECT"",""ACME""]"
20607,0.0,"[""QUICK_CONNECT"",""ACME""]"
20611,0.0,"[""ACME""]"
20612,1.0,"[""ACME""]"
20614,1.0,"[""QUICK_CONNECT"",""ACME""]"
20616,0.0,"[""ACME""]"
20621,0.0,None
20632,1.0,"[""ACME""]"
20633,1.0,"[""ACME""]"
20634,1.0,"[""QUICK_CONNECT"",""ACME""]"
20635,0.0,"[""QUICK_CONNECT"",""ACME""]"
20636,0.0,"[""QUICK_CONNECT"",""ACME""]"
20639,0.0,"[""QUICK_CONNECT"",""ACME""]"
20640,1.0,"[""QUICK_CONNECT"",""ACME""]"
20641,1.0,"[""ACME"",""QUICK_CONNECT""]"
20644,0.0,None
20651,1.0,"[""ACME""]"
20654,0.0,"[""QUICK_CONNECT"",""ACME""]"
20655,1.0,"[""ACME"",""QUICK_CONNECT""]"
20662,0.0,None
20664,1.0,"[""ACME"",""QUICK_CONNECT""]"
20665,0.0,"[""ACME"",""QUICK_CONNECT""]"
20668,1.0,"[""ACME"",""QUICK_CONNECT""]"
20671,1.0,"[""ACME"",""QUICK_CONNECT""]"
20672,1.0,"[""QUICK_CONNECT"",""ACME""]"
20673,0.0,"[""ACME"",""QUICK_CONNECT""]"
20677,1.0,"[""ACME""]"
20678,0.0,"[""ACME""]"
20679,1.0,"[""QUICK_CONNECT"",""ACME""]"
20686,0.0,"[""ACME"",""QUICK_CONNECT""]"
20688,1.0,"[""ACME"",""QUICK_CONNECT""]"
20690,0.0,"[""ACME"",""QUICK_CONNECT""]"
20694,0.0,"[""ACME"",""QUICK_CONNECT""]"
20695,1.0,"[""ACME"",""QUICK_CONNECT""]"
20696,0.0,None
20702,1.0,"[""ACME"",""QUICK_CONNECT""]"
20703,1.0,"[""ACME"",""QUICK_CONNECT""]"
20705,0.0,"[""ACME"",""QUICK_CONNECT""]"
20706,1.0,"[""ACME"",""QUICK_CONNECT""]"
20709,1.0,"[""ACME"",""QUICK_CONNECT""]"
20710,1.0,"[""ACME"",""QUICK_CONNECT""]"
20711,0.0,"[""ACME"",""QUICK_CONNECT""]"
20715,0.0,None
20719,0.0,"[""ACME"",""QUICK_CONNECT""]"
20720,1.0,"[""ACME"",""QUICK_CONNECT""]"
20722,0.0,"[""ACME"",""QUICK_CONNECT""]"
20725,0.0,"[""ACME"",""QUICK_CONNECT""]"
20726,0.0,"[""ACME"",""QUICK_CONNECT""]"
20727,1.0,"[""ACME"",""QUICK_CONNECT""]"
20729,0.0,"[""ACME"",""QUICK_CONNECT""]"
20730,1.0,"[""ACME"",""QUICK_CONNECT""]"
20732,0.0,"[""ACME"",""QUICK_CONNECT""]"
20733,0.0,"[""ACME"",""QUICK_CONNECT""]"
20734,1.0,"[""ACME"",""QUICK_CONNECT""]"
20735,1.0,"[""ACME"",""QUICK_CONNECT""]"
20864,0.0,None
20881,1.0,"[""ACME""]"
21017,1.0,"[""ACME""]"
21019,0.0,"[""ACME""]"
21033,0.0,"[""ACME""]"
21035,0.0,"[""ACME""]"
21040,0.0,"[""ACME""]"
21041,0.0,"[""ACME""]"
21047,1.0,"[""ACME""]"
21055,1.0,"[""ACME""]"
21056,None,"[""ACME""]"
21062,1.0,"[""ACME""]"
21068,0.0,"[""ACME""]"
21070,0.0,"[""ACME""]"
21080,0.0,"[""ACME""]"
21085,0.0,"[""ACME""]"
21088,1.0,"[""ACME""]"
21125,1.0,"[""ACME""]"
21127,1.0,"[""ACME""]"
21130,1.0,"[""ACME""]"
21132,0.0,"[""ACME""]"
21136,1.0,"[""ACME""]"
21148,1.0,"[""ACME""]"
21150,0.0,"[""ACME""]"
21191,0.0,"[""ACME""]"
21197,0.0,"[""ACME""]"
21201,0.0,"[""ACME""]"
21205,0.0,"[""ACME""]"
21206,0.0,"[""ACME""]"
21207,1.0,"[""ACME""]"
21211,0.0,"[""ACME""]"
21213,0.0,"[""ACME""]"
21215,0.0,"[""ACME""]"
21216,0.0,"[""ACME""]"
21221,0.0,"[""ACME""]"
21222,0.0,"[""ACME""]"
21223,0.0,"[""ACME""]"
21224,0.0,"[""ACME""]"
21463,0.0,"[""ACME""]"
21464,1.0,"[""ACME""]"
21745,0.0,"[""ACME""]"
21775,0.0,"[""ACME""]"
21804,0.0,"[""ACME""]"
21809,0.0,"[""ACME""]"
21911,1.0,"[""ACME""]"
21912,1.0,"[""ACME""]"
21914,1.0,"[""ACME""]"
21942,1.0,"[""ACME""]"
21995,0.0,None
22015,1.0,"[""ACME""]"
22016,0.0,"[""ACME"",""QUICK_CONNECT""]"
22022,0.0,"[""ACME""]"
22024,0.0,"[""ACME""]"
22034,0.0,"[""ACME""]"
22035,0.0,"[""ACME""]"
22039,0.0,"[""ACME""]"
22042,0.0,"[""ACME""]"
22044,0.0,"[""ACME""]"
22046,0.0,"[""ACME""]"
22052,0.0,"[""ACME""]"
22053,1.0,"[""ACME""]"
22064,1.0,"[""ACME""]"
22068,1.0,"[""ACME""]"
22072,1.0,"[""ACME""]"
22075,1.0,"[""ACME""]"
22082,0.0,"[""ACME""]"
22101,0.0,"[""ACME""]"
22103,1.0,"[""ACME""]"
22105,0.0,"[""ACME""]"
22109,0.0,"[""ACME""]"
22130,0.0,"[""ACME""]"
22139,0.0,"[""ACME""]"
22142,1.0,"[""ACME""]"
22148,0.0,"[""ACME""]"
22149,1.0,"[""ACME""]"
22151,1.0,"[""ACME""]"
22156,0.0,"[""ACME""]"
22160,1.0,"[""ACME""]"
22165,1.0,"[""ACME""]"
22172,1.0,"[""ACME""]"
22177,0.0,"[""ACME""]"
22181,1.0,"[""ACME""]"
22182,0.0,"[""ACME""]"
22225,1.0,"[""ACME""]"
22226,0.0,"[""ACME""]"
22235,1.0,"[""ACME""]"
22236,0.0,"[""ACME""]"
22240,0.0,"[""ACME""]"
22251,0.0,None
22253,0.0,"[""ACME""]"
22261,0.0,None
22267,0.0,"[""ACME""]"
22272,0.0,"[""ACME""]"
22273,0.0,"[""ACME""]"
22281,1.0,"[""ACME""]"
22282,1.0,"[""ACME""]"
22293,0.0,"[""ACME""]"
22295,0.0,"[""ACME""]"
22304,0.0,"[""ACME""]"
22305,1.0,"[""ACME""]"
22309,1.0,"[""ACME""]"
22320,0.0,"[""ACME""]"
22321,0.0,"[""ACME""]"
22329,1.0,"[""ACME""]"
22334,0.0,"[""ACME""]"
22338,1.0,"[""ACME""]"
22342,1.0,"[""ACME""]"
22343,0.0,"[""ACME""]"
22344,1.0,"[""ACME""]"
22358,0.0,"[""ACME""]"
22369,0.0,"[""ACME""]"
22377,1.0,"[""ACME""]"
22382,0.0,"[""ACME""]"
22390,1.0,"[""ACME""]"
22392,0.0,"[""ACME""]"
22396,0.0,"[""ACME""]"
22403,0.0,"[""ACME""]"
22411,0.0,"[""ACME""]"
22412,0.0,"[""ACME""]"
22432,0.0,"[""ACME""]"
22449,0.0,"[""ACME""]"
22455,1.0,"[""ACME""]"
22456,1.0,"[""ACME""]"
22460,0.0,"[""ACME""]"
22470,1.0,"[""ACME""]"
22485,0.0,"[""ACME""]"
22490,1.0,"[""ACME""]"
22499,0.0,"[""ACME""]"
22509,0.0,"[""ACME""]"
22525,0.0,"[""ACME""]"
22531,1.0,"[""ACME""]"
22554,0.0,"[""ACME""]"
22566,0.0,"[""ACME""]"
22574,1.0,"[""ACME""]"
22583,1.0,"[""ACME""]"
22586,0.0,"[""ACME""]"
22593,0.0,None
22596,1.0,"[""ACME""]"
22600,1.0,"[""ACME""]"
22603,0.0,None
23656,0.0,None
25625,0.0,"[""ACME""]"
25626,0.0,"[""ACME""]"
25628,0.0,"[""ACME""]"
25629,1.0,"[""ACME"",""QUICK_CONNECT""]"
25983,0.0,"[""ACME""]"
25997,1.0,"[""ACME""]"
25998,0.0,"[""ACME""]"
26073,0.0,"[""ACME""]"
26159,1.0,"[""ACME""]"
26161,0.0,"[""ACME""]"
26197,0.0,"[""ACME""]"
26200,0.0,"[""ACME""]"
26219,0.0,"[""ACME""]"
26360,0.0,"[""ACME""]"
26366,0.0,"[""ACME""]"
26370,1.0,"[""ACME""]"
26385,1.0,"[""ACME"",""QUICK_CONNECT""]"
26403,0.0,"[""ACME""]"
26420,0.0,None
26441,1.0,"[""ACME""]"
26442,1.0,"[""ACME""]"
26443,1.0,"[""ACME""]"
26674,1.0,"[""ACME"",""QUICK_CONNECT""]"
26675,1.0,"[""ACME"",""QUICK_CONNECT""]"
26676,1.0,"[""ACME"",""QUICK_CONNECT""]"
26677,1.0,"[""ACME"",""QUICK_CONNECT""]"
26678,1.0,"[""ACME"",""QUICK_CONNECT""]"
26679,1.0,"[""ACME"",""QUICK_CONNECT""]"
26681,0.0,"[""QUICK_CONNECT""]"
26684,0.0,"[""ACME"",""QUICK_CONNECT""]"
26685,1.0,"[""ACME"",""QUICK_CONNECT""]"
26686,0.0,"[""ACME"",""QUICK_CONNECT""]"
26687,0.0,"[""ACME"",""QUICK_CONNECT""]"
26688,0.0,"[""ACME"",""QUICK_CONNECT""]"
26882,1.0,"[""ACME"",""QUICK_CONNECT""]"
26885,1.0,"[""ACME"",""QUICK_CONNECT""]"
26888,0.0,"[""ACME""]"
26889,1.0,"[""ACME"",""QUICK_CONNECT""]"
26890,1.0,"[""ACME"",""QUICK_CONNECT""]"
26891,1.0,"[""QUICK_CONNECT""]"
26893,1.0,"[""ACME"",""QUICK_CONNECT""]"
26894,1.0,"[""ACME"",""QUICK_CONNECT""]"
26896,0.0,"[""ACME"",""QUICK_CONNECT""]"
26903,0.0,None
27038,0.0,"[""ACME"",""QUICK_CONNECT""]"
27044,1.0,"[""ACME"",""QUICK_CONNECT""]"
27170,0.0,"[""ACME""]"
27171,0.0,"[""QUICK_CONNECT""]"
27468,1.0,"[""ACME""]"
28021,0.0,"[""ACME""]"
28227,0.0,"[""ACME""]"
28346,0.0,"[""ACME"",""QUICK_CONNECT""]"
29025,0.0,None
29053,0.0,"[""ACME""]"
29101,1.0,None
29211,0.0,"[""ACME""]"
30377,0.0,"[""ACME""]"
30380,0.0,"[""ACME""]"
30837,1.0,"[""ACME""]"
31500,0.0,"[""ACME""]"
31602,0.0,"[""QUICK_CONNECT""]"
31662,1.0,"[""ACME"",""QUICK_CONNECT""]"
31806,0.0,"[""ACME""]"
32064,1.0,"[""ACME""]"
32065,1.0,"[""ACME""]"
32066,1.0,"[""ACME""]"
32142,1.0,"[""ACME"",""QUICK_CONNECT""]"
32515,1.0,"[""ACME"",""QUICK_CONNECT""]"
33073,0.0,"[""ACME""]"
33147,0.0,"[""ACME"",""QUICK_CONNECT""]"
33189,None,None
33434,0.0,"[""ACME""]"
33486,1.0,"[""ACME"",""QUICK_CONNECT""]"
33571,None,None
33875,0.0,None
33886,0.0,"[""ACME""]"
33900,0.0,"[""ACME"",""QUICK_CONNECT""]"
33901,0.0,"[""ACME"",""QUICK_CONNECT""]"
33920,0.0,"[""ACME""]"
33927,1.0,"[""ACME""]"
33941,None,None
33942,None,None
33947,0.0,None
33951,0.0,"[""ACME""]"
33957,1.0,"[""ACME""]"
33959,1.0,"[""ACME""]"
33966,0.0,"[""ACME""]"
33968,0.0,"[""ACME""]"
33970,0.0,"[""ACME""]"
33972,1.0,"[""ACME""]"
33977,1.0,"[""ACME""]"
33993,0.0,"[""ACME""]"
33997,0.0,"[""ACME""]"
34000,1.0,"[""ACME"",""QUICK_CONNECT""]"
34006,1.0,"[""ACME""]"
34007,0.0,"[""ACME""]"
34008,0.0,"[""ACME""]"
34010,0.0,"[""ACME""]"
34021,0.0,None
34022,0.0,None
34026,0.0,"[""ACME""]"
34028,0.0,"[""ACME""]"
34037,1.0,"[""ACME"",""QUICK_CONNECT""]"
34038,0.0,"[""ACME""]"
34046,0.0,None
34066,0.0,"[""ACME""]"
34069,0.0,"[""ACME""]"
34076,0.0,"[""ACME""]"
34079,0.0,"[""ACME""]"
34082,0.0,"[""ACME""]"
34086,0.0,"[""ACME""]"
34097,0.0,"[""ACME""]"
34113,0.0,"[""ACME""]"
34166,0.0,"[""ACME""]"
34212,1.0,"[""ACME""]"
34218,1.0,"[""ACME""]"
34219,0.0,None
34246,0.0,"[""ACME""]"
34248,0.0,"[""ACME""]"
34250,1.0,"[""ACME"",""QUICK_CONNECT""]"
34256,1.0,"[""ACME""]"
34735,0.0,"[""ACME""]"
34736,0.0,"[""ACME""]"
34737,1.0,"[""ACME""]"
34741,1.0,"[""ACME""]"
34748,0.0,"[""ACME""]"
34750,0.0,"[""ACME""]"
34751,0.0,"[""ACME""]"
34753,0.0,"[""ACME""]"
34756,0.0,"[""ACME""]"
34757,0.0,"[""ACME""]"
34761,0.0,"[""ACME""]"
34764,1.0,"[""ACME""]"
34766,1.0,"[""ACME""]"
34768,0.0,"[""ACME""]"
34769,1.0,"[""ACME""]"
34771,0.0,"[""ACME""]"
34772,1.0,"[""ACME""]"
34776,0.0,"[""ACME""]"
34778,None,"[""ACME""]"
34781,0.0,"[""ACME""]"
34783,1.0,"[""ACME""]"
34787,1.0,"[""ACME""]"
34790,1.0,"[""ACME""]"
34794,0.0,"[""ACME"",""QUICK_CONNECT""]"
34795,0.0,"[""ACME""]"
34799,1.0,"[""ACME""]"
34803,0.0,"[""ACME""]"
34876,0.0,"[""ACME""]"
34881,0.0,"[""ACME"",""QUICK_CONNECT""]"
34889,0.0,"[""QUICK_CONNECT""]"
34891,0.0,"[""ACME""]"
34897,0.0,"[""ACME""]"
34899,0.0,"[""ACME""]"
34905,1.0,"[""ACME""]"
34906,1.0,"[""ACME""]"
34914,0.0,"[""ACME""]"
34918,None,None
34921,0.0,"[""ACME"",""QUICK_CONNECT""]"
34935,0.0,"[""ACME""]"
34936,0.0,"[""ACME""]"
34937,0.0,"[""ACME""]"
34946,0.0,"[""ACME""]"
34954,0.0,"[""ACME""]"
34959,1.0,"[""ACME"",""QUICK_CONNECT""]"
34960,0.0,None
34969,0.0,"[""ACME""]"
34972,1.0,"[""ACME""]"
34975,0.0,"[""ACME""]"
34981,0.0,"[""ACME""]"
34984,1.0,"[""ACME""]"
35000,1.0,"[""ACME""]"
35013,0.0,"[""ACME""]"
35040,1.0,"[""ACME""]"
35044,1.0,"[""ACME""]"
35090,0.0,"[""ACME""]"
35102,0.0,"[""ACME""]"
35103,0.0,"[""ACME""]"
35174,0.0,"[""ACME""]"
35175,0.0,"[""ACME""]"
35176,0.0,"[""ACME""]"
35407,1.0,"[""ACME"",""QUICK_CONNECT""]"
35412,0.0,"[""ACME""]"
35496,None,"[""ACME""]"
35568,0.0,"[""ACME"",""QUICK_CONNECT""]"
35569,1.0,"[""ACME"",""QUICK_CONNECT""]"
35570,1.0,"[""ACME"",""QUICK_CONNECT""]"
35583,1.0,"[""ACME""]"
35585,0.0,"[""ACME""]"
35623,0.0,"[""QUICK_CONNECT""]"
35624,0.0,"[""ACME"",""QUICK_CONNECT""]"
35628,0.0,"[""ACME""]"
35641,0.0,None
35732,0.0,"[""ACME""]"
35734,1.0,"[""ACME"",""QUICK_CONNECT""]"
35750,1.0,"[""QUICK_CONNECT"",""ACME""]"
35765,0.0,"[""ACME""]"
35768,1.0,"[""ACME""]"
35850,0.0,"[""ACME""]"
35854,0.0,None
35855,0.0,"[""ACME""]"
35905,1.0,"[""ACME""]"
35906,0.0,"[""ACME""]"
35916,0.0,"[""ACME""]"
35917,0.0,"[""ACME""]"
35922,0.0,"[""ACME""]"
35933,1.0,"[""ACME""]"
36001,0.0,"[""ACME""]"
36002,0.0,"[""ACME""]"
36006,0.0,"[""ACME""]"
36020,0.0,"[""ACME""]"
36022,0.0,"[""ACME""]"
36029,0.0,None
36035,1.0,"[""ACME""]"
36037,0.0,"[""ACME""]"
36043,0.0,None
36045,0.0,"[""ACME""]"
36047,0.0,"[""ACME""]"
36049,0.0,"[""ACME""]"
36053,1.0,"[""ACME""]"
36060,0.0,None
36061,1.0,"[""ACME""]"
36077,0.0,"[""ACME""]"
36078,0.0,None
36086,0.0,"[""ACME""]"
36116,0.0,None
36118,0.0,None
36120,0.0,None
36135,0.0,"[""ACME""]"
36163,1.0,"[""ACME"",""QUICK_CONNECT""]"
36395,0.0,"[""ACME""]"
36397,0.0,None
36400,0.0,"[""QUICK_CONNECT"",""ACME""]"
36404,0.0,"[""ACME""]"
36405,0.0,"[""ACME""]"
36450,0.0,"[""ACME""]"
36451,0.0,"[""ACME""]"
36452,0.0,None
38474,1.0,"[""ACME"",""QUICK_CONNECT""]"
38534,0.0,"[""ACME""]"
38635,1.0,"[""ACME"",""QUICK_CONNECT""]"
39236,None,None
39237,1.0,"[""ACME"",""QUICK_CONNECT""]"
39238,1.0,"[""ACME"",""QUICK_CONNECT""]"
39240,1.0,"[""ACME"",""QUICK_CONNECT""]"
39243,1.0,"[""ACME"",""QUICK_CONNECT""]"
40154,0.0,"[""ACME"",""QUICK_CONNECT""]"
40183,0.0,"[""ACME""]"
40463,0.0,"[""ACME""]"
40465,0.0,"[""ACME""]"
40466,0.0,"[""ACME""]"
40467,0.0,"[""ACME""]"
40468,0.0,"[""ACME""]"
40499,1.0,"[""ACME""]"
40556,1.0,"[""ACME""]"
40641,1.0,"[""QUICK_CONNECT"",""ACME""]"
40642,1.0,"[""QUICK_CONNECT""]"
40643,1.0,"[""ACME""]"
40644,0.0,None
40823,0.0,"[""ACME""]"
41076,0.0,"[""ACME""]"
41082,1.0,"[""ACME"",""QUICK_CONNECT""]"
41110,None,"[""ACME""]"
41111,None,"[""ACME""]"
41322,1.0,"[""ACME"",""QUICK_CONNECT""]"
41345,1.0,"[""ACME"",""QUICK_CONNECT""]"
41373,0.0,"[""ACME""]"
41883,0.0,None
41886,1.0,"[""ACME"",""QUICK_CONNECT""]"
41890,None,"[""QUICK_CONNECT""]"
41891,None,"[""ACME"",""QUICK_CONNECT""]"
42853,None,"[""ACME""]"
42856,None,"[""ACME""]"
42858,None,None
42861,None,None
42862,None,None
42863,None,"[""ACME""]"
42864,None,None
43554,1.0,"[""ACME""]"
43883,1.0,"[""ACME"",""QUICK_CONNECT""]"
43884,1.0,"[""ACME"",""QUICK_CONNECT""]"
43886,1.0,"[""ACME"",""QUICK_CONNECT""]"
43890,0.0,None
43891,None,None
44636,1.0,"[""ACME""]"
45492,1.0,"[""ACME""]"
45493,0.0,"[""ACME""]"
46231,None,None
46862,1.0,"[""ACME"",""QUICK_CONNECT""]"
46864,0.0,"[""ACME"",""QUICK_CONNECT""]"
47239,0.0,"[""ACME""]"
47240,0.0,"[""ACME""]"
47248,1.0,"[""ACME""]"
47249,1.0,"[""ACME""]"
47256,0.0,"[""ACME""]"
47425,1.0,None
47434,1.0,"[""ACME""]"
47441,None,"[""ACME"",""QUICK_CONNECT""]"
48746,None,None
48749,1.0,"[""ACME""]"
48751,None,None
48752,0.0,"[""ACME""]"
49098,0.0,"[""ACME""]"
49101,0.0,"[""ACME""]"
49103,1.0,"[""ACME""]"
49104,0.0,"[""ACME""]"
49105,1.0,"[""ACME""]"
49107,1.0,"[""ACME""]"
49417,0.0,"[""ACME""]"
49419,None,"[""ACME""]"
49421,None,"[""ACME""]"
49426,None,"[""ACME""]"
49427,None,"[""ACME"",""QUICK_CONNECT""]"
49428,None,None
49430,1.0,"[""ACME""]"
49432,0.0,"[""ACME""]"
49610,None,None
49613,0.0,"[""ACME""]"
49614,None,None
49615,None,None
49616,None,None
49617,None,"[""ACME""]"
49619,None,None
49620,None,None
49623,None,None
49624,None,None
49625,None,None
49631,None,"[""QUICK_CONNECT""]"
49633,1.0,"[""ACME"",""QUICK_CONNECT""]"
50091,None,None
50093,None,None
50094,None,None
50095,None,None
50098,1.0,"[""ACME"",""QUICK_CONNECT""]"
50099,1.0,"[""ACME""]"
50100,None,None
50101,0.0,"[""ACME""]"
50102,None,"[""ACME""]"
50103,None,"[""ACME""]"
50104,None,"[""ACME""]"
50105,None,"[""ACME""]"
50106,None,None
50107,None,"[""ACME"",""QUICK_CONNECT""]"
50111,1.0,"[""ACME""]"
50488,1.0,"[""ACME""]"
50489,1.0,"[""ACME""]"
50491,0.0,"[""ACME""]"
50492,1.0,"[""ACME""]"
50493,1.0,"[""ACME""]"
50494,1.0,None
50495,0.0,"[""ACME""]"
50496,1.0,"[""ACME""]"
50498,1.0,"[""ACME""]"
50499,1.0,"[""ACME""]"
50500,0.0,"[""ACME""]"
50501,1.0,"[""ACME""]"
50504,1.0,"[""ACME""]"
50506,1.0,"[""ACME""]"
50507,1.0,"[""ACME""]"
50508,1.0,"[""ACME""]"
50509,0.0,None
50510,1.0,"[""ACME""]"
50511,0.0,"[""ACME""]"
50512,1.0,"[""ACME""]"
50513,1.0,"[""ACME""]"
50514,1.0,"[""ACME""]"
50515,1.0,"[""ACME""]"
50516,0.0,"[""ACME""]"
50520,0.0,"[""ACME""]"
50524,0.0,"[""ACME""]"
50526,0.0,"[""ACME""]"
50527,0.0,"[""ACME""]"
50532,0.0,"[""ACME""]"
50533,1.0,"[""ACME""]"
50535,0.0,"[""ACME""]"
50537,0.0,"[""ACME""]"
50542,0.0,"[""ACME""]"
50543,0.0,"[""ACME""]"
50544,0.0,"[""ACME""]"
50547,1.0,"[""ACME""]"
50549,0.0,"[""ACME"",""QUICK_CONNECT""]"
50553,0.0,"[""ACME""]"
50554,0.0,"[""ACME""]"
50555,0.0,"[""ACME""]"
50557,0.0,"[""ACME""]"
50560,0.0,"[""ACME""]"
50563,0.0,"[""ACME""]"
50564,0.0,"[""ACME"",""QUICK_CONNECT""]"
50565,0.0,"[""ACME""]"
50567,0.0,"[""ACME""]"
50571,0.0,"[""ACME""]"
50573,1.0,"[""ACME""]"
50574,1.0,"[""ACME""]"
50581,0.0,"[""ACME""]"
50583,0.0,"[""ACME"",""QUICK_CONNECT""]"
50584,0.0,"[""ACME""]"
50586,0.0,"[""ACME""]"
50588,0.0,"[""ACME""]"
50602,0.0,"[""ACME""]"
50606,0.0,"[""ACME""]"
50610,0.0,"[""ACME"",""QUICK_CONNECT""]"
50611,0.0,"[""ACME""]"
50615,1.0,"[""ACME""]"
50761,0.0,"[""ACME"",""QUICK_CONNECT""]"
50763,0.0,"[""ACME"",""QUICK_CONNECT""]"
50764,0.0,"[""ACME"",""QUICK_CONNECT""]"
50765,0.0,"[""ACME"",""QUICK_CONNECT""]"
50766,0.0,"[""ACME"",""QUICK_CONNECT""]"
50767,0.0,"[""ACME"",""QUICK_CONNECT""]"
50769,1.0,"[""ACME"",""QUICK_CONNECT""]"
50770,1.0,"[""ACME"",""QUICK_CONNECT""]"
50771,1.0,"[""ACME"",""QUICK_CONNECT""]"
50772,1.0,"[""ACME"",""QUICK_CONNECT""]"
50773,1.0,"[""ACME"",""QUICK_CONNECT""]"
51115,0.0,"[""ACME""]"
51126,1.0,"[""ACME"",""QUICK_CONNECT""]"
51339,1.0,"[""ACME"",""QUICK_CONNECT""]"
51341,0.0,"[""ACME""]"
51357,0.0,"[""ACME""]"
51362,1.0,"[""ACME""]"
51364,0.0,"[""ACME""]"
51365,0.0,"[""ACME""]"
51374,0.0,"[""ACME""]"
51379,0.0,"[""ACME""]"
51382,0.0,None
51385,1.0,"[""ACME""]"
51387,0.0,"[""ACME""]"
51396,0.0,"[""ACME""]"
51399,0.0,"[""ACME""]"
51405,0.0,"[""ACME""]"
51407,0.0,"[""ACME""]"
51408,0.0,"[""ACME""]"
51410,0.0,"[""ACME""]"
51424,0.0,"[""ACME""]"
51427,0.0,"[""ACME""]"
51439,0.0,"[""ACME""]"
51455,1.0,"[""ACME""]"
51457,0.0,"[""ACME""]"
51459,0.0,"[""ACME""]"
51462,1.0,"[""ACME""]"
51749,1.0,"[""ACME""]"
51752,1.0,"[""ACME""]"
51754,0.0,"[""ACME""]"
51757,1.0,"[""ACME""]"
51758,1.0,"[""ACME""]"
51759,1.0,"[""ACME"",""QUICK_CONNECT""]"
51760,0.0,"[""QUICK_CONNECT"",""ACME""]"
51761,0.0,"[""ACME""]"
51766,1.0,"[""ACME""]"
51767,1.0,"[""ACME""]"
51768,1.0,"[""ACME"",""QUICK_CONNECT""]"
52041,0.0,"[""QUICK_CONNECT"",""ACME""]"
52314,1.0,"[""ACME""]"
52316,1.0,"[""ACME""]"
52317,1.0,"[""ACME"",""QUICK_CONNECT""]"
52318,1.0,"[""ACME""]"
52319,1.0,"[""ACME""]"
52320,0.0,"[""ACME""]"
52321,1.0,"[""ACME""]"
52322,None,None
52324,0.0,"[""ACME""]"
52326,0.0,"[""ACME""]"
52623,0.0,"[""ACME""]"
52624,1.0,"[""ACME""]"
52625,0.0,None
52626,0.0,"[""ACME""]"
52627,1.0,"[""ACME""]"
52628,0.0,"[""ACME""]"
52629,0.0,"[""ACME""]"
52871,1.0,"[""ACME""]"
52874,1.0,"[""ACME""]"
52875,1.0,"[""ACME""]"
52877,1.0,"[""ACME""]"
52878,1.0,"[""ACME""]"
52879,0.0,None
52880,0.0,"[""ACME""]"
52881,1.0,"[""ACME""]"
52883,1.0,"[""ACME""]"
52884,0.0,"[""ACME""]"
52885,1.0,"[""ACME""]"
52887,1.0,"[""ACME""]"
53138,0.0,"[""ACME""]"
53139,0.0,"[""ACME""]"
53140,1.0,"[""ACME""]"
53142,0.0,None
53144,0.0,"[""ACME""]"
53145,0.0,"[""ACME""]"
53146,0.0,"[""ACME""]"
53148,0.0,"[""ACME""]"
53150,0.0,"[""ACME""]"
53153,0.0,"[""ACME""]"
53154,0.0,"[""ACME""]"
53156,None,None
53157,0.0,"[""ACME""]"
53158,None,None
53159,None,None
53160,0.0,None
53161,0.0,"[""QUICK_CONNECT"",""ACME""]"
53163,0.0,"[""ACME""]"
53165,0.0,"[""ACME""]"
53166,1.0,"[""ACME""]"
53168,0.0,"[""ACME""]"
53171,0.0,"[""ACME""]"
53172,1.0,"[""ACME""]"
53176,1.0,None
53178,0.0,"[""ACME""]"
53181,0.0,"[""ACME""]"
53182,0.0,"[""ACME""]"
53184,0.0,"[""ACME""]"
53185,0.0,"[""ACME""]"
53188,1.0,"[""ACME""]"
53189,0.0,"[""ACME""]"
53190,0.0,None
53191,0.0,"[""ACME""]"
53192,0.0,"[""ACME""]"
53193,0.0,"[""ACME""]"
53197,1.0,"[""ACME""]"
53198,0.0,"[""ACME""]"
53202,0.0,"[""ACME""]"
53203,1.0,"[""ACME""]"
53204,0.0,"[""ACME""]"
53213,0.0,"[""ACME""]"
53214,0.0,"[""ACME""]"
53215,1.0,"[""ACME""]"
53478,1.0,"[""ACME""]"
53481,0.0,"[""ACME""]"
53482,None,"[""ACME""]"
53484,0.0,"[""ACME"",""QUICK_CONNECT""]"
53485,1.0,"[""ACME"",""QUICK_CONNECT""]"
53486,1.0,"[""ACME"",""QUICK_CONNECT""]"
53487,1.0,"[""ACME"",""QUICK_CONNECT""]"
53488,1.0,"[""ACME"",""QUICK_CONNECT""]"
53489,1.0,"[""ACME"",""QUICK_CONNECT""]"
53491,1.0,"[""ACME"",""QUICK_CONNECT""]"
53492,1.0,"[""QUICK_CONNECT"",""ACME""]"
53494,1.0,"[""ACME"",""QUICK_CONNECT""]"
53496,1.0,"[""ACME"",""QUICK_CONNECT""]"
53497,0.0,"[""ACME"",""QUICK_CONNECT""]"
53705,1.0,"[""ACME""]"
53706,0.0,"[""ACME""]"
53708,0.0,"[""QUICK_CONNECT""]"
53709,1.0,"[""ACME""]"
54014,0.0,"[""ACME""]"
54015,1.0,"[""ACME""]"
54019,1.0,"[""ACME"",""QUICK_CONNECT""]"
54020,0.0,None
54021,1.0,"[""ACME""]"
54025,1.0,"[""ACME"",""QUICK_CONNECT""]"
54027,0.0,"[""ACME""]"
54028,1.0,"[""ACME""]"
54030,1.0,"[""ACME"",""QUICK_CONNECT""]"
54031,0.0,None
54032,1.0,"[""ACME"",""QUICK_CONNECT""]"
54033,1.0,"[""ACME"",""QUICK_CONNECT""]"
54034,0.0,None
54035,0.0,"[""QUICK_CONNECT"",""ACME""]"
54036,0.0,"[""ACME"",""QUICK_CONNECT""]"
54037,1.0,"[""ACME"",""QUICK_CONNECT""]"
54038,1.0,"[""ACME"",""QUICK_CONNECT""]"
54039,1.0,"[""ACME"",""QUICK_CONNECT""]"
54040,1.0,"[""ACME"",""QUICK_CONNECT""]"
54041,1.0,"[""QUICK_CONNECT"",""ACME""]"
54042,0.0,"[""QUICK_CONNECT"",""ACME""]"
54043,1.0,"[""ACME"",""QUICK_CONNECT""]"
54044,0.0,"[""QUICK_CONNECT"",""ACME""]"
54045,1.0,"[""QUICK_CONNECT"",""ACME""]"
54046,1.0,"[""QUICK_CONNECT"",""ACME""]"
54047,0.0,None
54048,1.0,"[""QUICK_CONNECT"",""ACME""]"
54049,1.0,"[""ACME"",""QUICK_CONNECT""]"
54050,1.0,"[""ACME"",""QUICK_CONNECT""]"
54051,None,"[""ACME""]"
54052,0.0,"[""ACME""]"
54053,1.0,"[""ACME"",""QUICK_CONNECT""]"
54054,0.0,"[""ACME""]"
60058,1.0,"[""ACME""]"
60082,1.0,"[""ACME"",""QUICK_CONNECT""]"
60270,1.0,"[""ACME"",""QUICK_CONNECT""]"
60291,0.0,"[""ACME""]"
60401,0.0,"[""ACME""]"
60424,0.0,"[""ACME""]"
60610,0.0,"[""ACME""]"
60647,0.0,"[""ACME""]"
60649,0.0,"[""ACME""]"
60668,0.0,"[""ACME""]"
60874,0.0,"[""ACME""]"
60876,0.0,"[""ACME""]"
60878,0.0,"[""ACME""]"
60886,0.0,None
60888,0.0,"[""ACME""]"
60892,0.0,"[""ACME""]"
60902,0.0,"[""ACME""]"
61055,1.0,"[""QUICK_CONNECT""]"
61056,1.0,"[""QUICK_CONNECT""]"
61135,None,None
61283,None,"[""ACME""]"
61284,None,"[""ACME""]"
61285,None,"[""ACME""]"
61286,None,"[""ACME""]"
61428,1.0,"[""ACME""]"
61444,1.0,"[""ACME"",""QUICK_CONNECT""]"
61526,1.0,"[""ACME""]"
61535,None,"[""ACME""]"
61542,0.0,"[""ACME""]"
61568,1.0,"[""QUICK_CONNECT""]"
61904,0.0,"[""ACME""]"
61905,1.0,"[""ACME""]"
61909,None,"[""QUICK_CONNECT""]"
61913,0.0,"[""ACME""]"
62104,1.0,"[""ACME"",""QUICK_CONNECT""]"
62115,0.0,"[""ACME""]"
62118,1.0,None
62121,0.0,"[""ACME""]"
62143,None,"[""ACME""]"
62321,1.0,"[""ACME""]"
62322,0.0,"[""ACME""]"
62740,0.0,"[""ACME"",""QUICK_CONNECT""]"
62742,1.0,"[""ACME"",""QUICK_CONNECT""]"
62743,1.0,"[""ACME"",""QUICK_CONNECT""]"
62744,1.0,"[""ACME"",""QUICK_CONNECT""]"
62745,1.0,"[""ACME"",""QUICK_CONNECT""]"
62746,1.0,"[""ACME"",""QUICK_CONNECT""]"
62749,1.0,"[""ACME""]"
62750,0.0,"[""ACME""]"
62751,1.0,"[""ACME""]"
62755,0.0,"[""ACME""]"
62756,0.0,"[""ACME""]"
62758,0.0,"[""ACME""]"
62759,1.0,"[""ACME""]"
62761,0.0,"[""ACME""]"
62762,1.0,"[""ACME""]"
62763,1.0,"[""ACME""]"
62764,1.0,"[""ACME""]"
62765,1.0,"[""ACME""]"
62823,1.0,"[""ACME""]"
62850,0.0,"[""ACME""]"
62998,1.0,"[""ACME""]"
63190,0.0,"[""ACME""]"
63195,1.0,"[""ACME""]"
63211,1.0,"[""ACME""]"
63315,1.0,"[""ACME""]"
63542,1.0,"[""ACME"",""QUICK_CONNECT""]"
63963,0.0,"[""ACME"",""QUICK_CONNECT""]"
63964,0.0,"[""ACME"",""QUICK_CONNECT""]"
63965,1.0,"[""ACME""]"
63966,1.0,"[""QUICK_CONNECT""]"
64381,None,None
64420,None,None
64421,1.0,"[""ACME"",""QUICK_CONNECT""]"
64424,1.0,"[""ACME""]"
64430,0.0,"[""ACME"",""QUICK_CONNECT""]"
64431,None,"[""ACME""]"
64503,1.0,"[""ACME""]"
64806,0.0,"[""ACME""]"
64832,1.0,"[""ACME""]"
64834,0.0,"[""ACME""]"
64835,1.0,"[""ACME"",""QUICK_CONNECT""]"
64840,1.0,"[""ACME"",""QUICK_CONNECT""]"
64841,0.0,None
64842,0.0,None
64860,1.0,"[""ACME"",""QUICK_CONNECT""]"
64861,1.0,"[""ACME"",""QUICK_CONNECT""]"
65057,1.0,"[""ACME""]"
65306,1.0,"[""ACME"",""QUICK_CONNECT""]"
65751,0.0,None
65801,0.0,"[""ACME""]"
65953,1.0,"[""QUICK_CONNECT""]"
65954,1.0,"[""ACME""]"
65976,0.0,"[""ACME""]"
65977,0.0,"[""ACME""]"
65978,0.0,"[""ACME""]"
65986,0.0,"[""ACME"",""QUICK_CONNECT""]"
65996,0.0,"[""ACME""]"
66002,0.0,"[""ACME""]"
66003,0.0,"[""ACME""]"
66005,0.0,None
66008,0.0,"[""ACME""]"
66019,0.0,"[""ACME""]"
66042,0.0,"[""QUICK_CONNECT""]"
66047,1.0,"[""ACME""]"
66057,1.0,"[""ACME""]"
66062,0.0,"[""ACME"",""QUICK_CONNECT""]"
66066,0.0,"[""ACME""]"
66075,0.0,"[""ACME""]"
66077,0.0,"[""ACME""]"
66079,0.0,"[""ACME""]"
66081,1.0,"[""ACME"",""QUICK_CONNECT""]"
66085,0.0,"[""ACME""]"
66091,1.0,"[""ACME""]"
66096,1.0,"[""ACME""]"
66097,0.0,"[""ACME""]"
66100,1.0,"[""ACME""]"
66111,1.0,"[""ACME""]"
66112,1.0,"[""ACME""]"
66113,0.0,"[""ACME""]"
66115,0.0,"[""ACME""]"
66117,0.0,"[""ACME""]"
66120,0.0,None
66121,0.0,"[""ACME""]"
66122,0.0,"[""ACME""]"
66123,0.0,"[""ACME""]"
66124,0.0,"[""ACME""]"
66125,1.0,"[""ACME""]"
66127,0.0,"[""ACME""]"
66129,0.0,"[""ACME""]"
66130,0.0,"[""ACME""]"
66131,0.0,"[""ACME""]"
66134,0.0,"[""ACME""]"
66136,0.0,"[""ACME""]"
66139,0.0,None
66141,0.0,"[""ACME""]"
66143,0.0,"[""ACME""]"
66144,0.0,None
66146,0.0,"[""ACME""]"
66147,0.0,"[""ACME""]"
66148,0.0,"[""ACME""]"
66149,1.0,"[""ACME""]"
66150,0.0,"[""ACME""]"
66151,1.0,"[""ACME""]"
66156,0.0,"[""ACME""]"
66157,0.0,"[""ACME""]"
66161,0.0,"[""ACME""]"
66162,0.0,"[""ACME""]"
66164,0.0,"[""ACME""]"
66167,0.0,"[""ACME""]"
66169,1.0,"[""ACME""]"
66171,0.0,"[""ACME""]"
66176,0.0,"[""ACME""]"
66177,0.0,"[""ACME""]"
66179,0.0,"[""ACME""]"
66180,0.0,"[""ACME""]"
66182,1.0,"[""ACME""]"
66185,1.0,"[""ACME""]"
66186,0.0,"[""ACME""]"
66190,0.0,"[""ACME""]"
66191,0.0,"[""ACME""]"
66192,0.0,"[""ACME""]"
66193,0.0,"[""ACME""]"
66194,1.0,"[""ACME""]"
66195,0.0,"[""ACME""]"
66196,0.0,"[""ACME""]"
66197,0.0,None
66200,0.0,"[""ACME""]"
66201,0.0,"[""ACME""]"
66203,0.0,"[""ACME""]"
66206,0.0,"[""ACME""]"
66207,0.0,"[""ACME""]"
66210,0.0,"[""QUICK_CONNECT""]"
66211,0.0,"[""ACME""]"
66214,0.0,"[""ACME""]"
66217,0.0,"[""ACME""]"
66218,1.0,"[""ACME""]"
66219,0.0,"[""ACME""]"
66545,1.0,"[""ACME""]"
66546,1.0,"[""ACME""]"
66547,1.0,"[""ACME""]"
66560,1.0,"[""ACME""]"
66562,1.0,"[""ACME"",""QUICK_CONNECT""]"
66609,0.0,"[""ACME""]"
66768,1.0,"[""QUICK_CONNECT"",""ACME""]"
66769,0.0,None
66867,1.0,"[""ACME"",""QUICK_CONNECT""]"
66870,1.0,"[""ACME""]"
66872,1.0,"[""ACME""]"
66879,1.0,"[""ACME""]"
66880,0.0,"[""ACME""]"
66940,0.0,"[""QUICK_CONNECT"",""ACME""]"
66941,1.0,"[""QUICK_CONNECT"",""ACME""]"
66942,1.0,"[""QUICK_CONNECT"",""ACME""]"
66943,0.0,"[""QUICK_CONNECT"",""ACME""]"
66944,1.0,"[""ACME"",""QUICK_CONNECT""]"
66945,1.0,"[""QUICK_CONNECT"",""ACME""]"
66946,1.0,"[""QUICK_CONNECT"",""ACME""]"
66947,1.0,"[""ACME"",""QUICK_CONNECT""]"
66948,1.0,"[""ACME"",""QUICK_CONNECT""]"
66949,1.0,"[""QUICK_CONNECT"",""ACME""]"
66950,1.0,"[""ACME"",""QUICK_CONNECT""]"
66951,1.0,"[""QUICK_CONNECT"",""ACME""]"
66952,1.0,"[""ACME"",""QUICK_CONNECT""]"
66953,0.0,None
66954,1.0,"[""ACME"",""QUICK_CONNECT""]"
66955,0.0,"[""ACME"",""QUICK_CONNECT""]"
66956,0.0,"[""ACME"",""QUICK_CONNECT""]"
66957,1.0,"[""QUICK_CONNECT"",""ACME""]"
66958,0.0,"[""ACME"",""QUICK_CONNECT""]"
66959,0.0,"[""ACME"",""QUICK_CONNECT""]"
66960,0.0,"[""ACME"",""QUICK_CONNECT""]"
66961,0.0,"[""QUICK_CONNECT"",""ACME""]"
66962,1.0,"[""ACME"",""QUICK_CONNECT""]"
66963,1.0,"[""QUICK_CONNECT"",""ACME""]"
66964,0.0,"[""ACME"",""QUICK_CONNECT""]"
66965,1.0,"[""ACME"",""QUICK_CONNECT""]"
66966,1.0,"[""ACME"",""QUICK_CONNECT""]"
66967,0.0,"[""ACME"",""QUICK_CONNECT""]"
66968,0.0,"[""ACME"",""QUICK_CONNECT""]"
66969,0.0,"[""QUICK_CONNECT"",""ACME""]"
66970,1.0,"[""ACME"",""QUICK_CONNECT""]"
66971,1.0,"[""QUICK_CONNECT"",""ACME""]"
66972,1.0,"[""QUICK_CONNECT"",""ACME""]"
66973,1.0,"[""ACME"",""QUICK_CONNECT""]"
66974,1.0,"[""ACME"",""QUICK_CONNECT""]"
66976,1.0,None
66977,0.0,"[""ACME"",""QUICK_CONNECT""]"
66978,0.0,"[""QUICK_CONNECT"",""ACME""]"
66980,0.0,"[""ACME"",""QUICK_CONNECT""]"
66981,1.0,"[""ACME"",""QUICK_CONNECT""]"
66982,1.0,"[""ACME"",""QUICK_CONNECT""]"
66984,1.0,"[""QUICK_CONNECT"",""ACME""]"
66985,1.0,"[""ACME"",""QUICK_CONNECT""]"
66986,1.0,"[""ACME"",""QUICK_CONNECT""]"
66987,1.0,"[""ACME"",""QUICK_CONNECT""]"
66988,0.0,"[""ACME"",""QUICK_CONNECT""]"
66989,0.0,"[""QUICK_CONNECT"",""ACME""]"
66990,1.0,"[""ACME"",""QUICK_CONNECT""]"
66991,1.0,"[""ACME"",""QUICK_CONNECT""]"
66992,1.0,"[""QUICK_CONNECT"",""ACME""]"
66993,1.0,"[""ACME"",""QUICK_CONNECT""]"
66994,0.0,"[""ACME"",""QUICK_CONNECT""]"
66995,1.0,"[""ACME"",""QUICK_CONNECT""]"
66996,1.0,"[""ACME"",""QUICK_CONNECT""]"
66997,1.0,"[""ACME"",""QUICK_CONNECT""]"
67058,1.0,"[""ACME""]"
67126,1.0,"[""ACME""]"
67231,None,"[""ACME""]"
67232,None,"[""ACME""]"
67384,0.0,"[""ACME""]"
67388,0.0,"[""ACME""]"
67396,0.0,None
67410,0.0,None
67411,0.0,"[""ACME""]"
67412,1.0,"[""ACME""]"
67414,0.0,None
67415,None,None
67416,1.0,"[""ACME""]"
67418,0.0,"[""ACME""]"
67420,0.0,"[""ACME""]"
67431,0.0,None
67433,0.0,"[""ACME""]"
67437,0.0,None
67438,0.0,None
67443,0.0,"[""ACME""]"
67451,1.0,"[""ACME""]"
67452,1.0,"[""ACME""]"
67454,0.0,"[""ACME""]"
67455,1.0,"[""ACME""]"
67461,1.0,"[""ACME"",""QUICK_CONNECT""]"
67462,1.0,"[""ACME"",""QUICK_CONNECT""]"
67463,0.0,"[""ACME""]"
67466,0.0,"[""ACME"",""QUICK_CONNECT""]"
67470,0.0,"[""ACME"",""QUICK_CONNECT""]"
67471,1.0,"[""QUICK_CONNECT"",""ACME""]"
67473,0.0,"[""ACME"",""QUICK_CONNECT""]"
67475,0.0,"[""ACME"",""QUICK_CONNECT""]"
67478,1.0,"[""ACME"",""QUICK_CONNECT""]"
67479,0.0,"[""ACME"",""QUICK_CONNECT""]"
67482,0.0,"[""ACME"",""QUICK_CONNECT""]"
67483,1.0,"[""ACME"",""QUICK_CONNECT""]"
67484,1.0,"[""ACME""]"
67485,0.0,"[""ACME"",""QUICK_CONNECT""]"
67486,0.0,"[""ACME"",""QUICK_CONNECT""]"
67487,0.0,"[""QUICK_CONNECT"",""ACME""]"
67488,1.0,"[""ACME"",""QUICK_CONNECT""]"
67489,1.0,"[""ACME"",""QUICK_CONNECT""]"
67490,1.0,"[""ACME"",""QUICK_CONNECT""]"
67491,0.0,"[""ACME"",""QUICK_CONNECT""]"
67492,1.0,"[""QUICK_CONNECT"",""ACME""]"
67493,1.0,"[""ACME"",""QUICK_CONNECT""]"
67495,1.0,"[""ACME"",""QUICK_CONNECT""]"
67496,1.0,"[""ACME"",""QUICK_CONNECT""]"
67505,0.0,"[""ACME""]"
67506,1.0,"[""ACME"",""QUICK_CONNECT""]"
67509,0.0,"[""ACME"",""QUICK_CONNECT""]"
67510,1.0,"[""QUICK_CONNECT"",""ACME""]"
67511,1.0,"[""ACME"",""QUICK_CONNECT""]"
67512,1.0,"[""ACME"",""QUICK_CONNECT""]"
67513,0.0,"[""ACME"",""QUICK_CONNECT""]"
67514,1.0,"[""ACME"",""QUICK_CONNECT""]"
67516,0.0,None
67517,0.0,"[""ACME"",""QUICK_CONNECT""]"
67518,0.0,"[""ACME"",""QUICK_CONNECT""]"
67519,1.0,"[""ACME"",""QUICK_CONNECT""]"
67521,0.0,"[""ACME"",""QUICK_CONNECT""]"
67524,0.0,"[""ACME"",""QUICK_CONNECT""]"
67525,0.0,"[""ACME"",""QUICK_CONNECT""]"
67527,1.0,"[""ACME"",""QUICK_CONNECT""]"
67528,1.0,"[""QUICK_CONNECT"",""ACME""]"
67529,0.0,"[""ACME"",""QUICK_CONNECT""]"
67530,0.0,"[""QUICK_CONNECT"",""ACME""]"
67531,0.0,"[""QUICK_CONNECT"",""ACME""]"
67532,1.0,"[""ACME"",""QUICK_CONNECT""]"
67533,1.0,"[""QUICK_CONNECT"",""ACME""]"
67534,0.0,"[""QUICK_CONNECT"",""ACME""]"
67535,0.0,"[""ACME"",""QUICK_CONNECT""]"
67536,0.0,"[""ACME"",""QUICK_CONNECT""]"
67537,0.0,"[""ACME"",""QUICK_CONNECT""]"
67538,0.0,"[""ACME"",""QUICK_CONNECT""]"
67540,0.0,"[""QUICK_CONNECT"",""ACME""]"
67541,1.0,"[""QUICK_CONNECT"",""ACME""]"
67542,1.0,"[""ACME"",""QUICK_CONNECT""]"
67543,0.0,"[""QUICK_CONNECT"",""ACME""]"
67545,1.0,"[""ACME"",""QUICK_CONNECT""]"
67546,1.0,"[""ACME"",""QUICK_CONNECT""]"
67547,0.0,None
67548,0.0,"[""ACME"",""QUICK_CONNECT""]"
67549,0.0,"[""ACME"",""QUICK_CONNECT""]"
67550,0.0,None
67551,1.0,"[""ACME"",""QUICK_CONNECT""]"
67552,0.0,"[""ACME"",""QUICK_CONNECT""]"
67554,0.0,"[""QUICK_CONNECT"",""ACME""]"
67555,1.0,"[""ACME"",""QUICK_CONNECT""]"
67557,0.0,"[""ACME"",""QUICK_CONNECT""]"
67558,0.0,"[""QUICK_CONNECT"",""ACME""]"
67562,0.0,"[""ACME"",""QUICK_CONNECT""]"
67563,0.0,"[""QUICK_CONNECT"",""ACME""]"
67566,0.0,"[""ACME"",""QUICK_CONNECT""]"
67567,0.0,None
67568,0.0,"[""QUICK_CONNECT"",""ACME""]"
67569,1.0,"[""QUICK_CONNECT"",""ACME""]"
67570,0.0,"[""ACME"",""QUICK_CONNECT""]"
67571,1.0,"[""ACME"",""QUICK_CONNECT""]"
67572,1.0,"[""ACME"",""QUICK_CONNECT""]"
67575,1.0,"[""ACME"",""QUICK_CONNECT""]"
67576,0.0,"[""ACME"",""QUICK_CONNECT""]"
67580,1.0,"[""ACME"",""QUICK_CONNECT""]"
67581,0.0,"[""ACME"",""QUICK_CONNECT""]"
67582,0.0,"[""ACME"",""QUICK_CONNECT""]"
67583,0.0,"[""ACME"",""QUICK_CONNECT""]"
67585,1.0,"[""ACME"",""QUICK_CONNECT""]"
67586,0.0,"[""ACME"",""QUICK_CONNECT""]"
67591,1.0,"[""ACME"",""QUICK_CONNECT""]"
67594,1.0,"[""ACME"",""QUICK_CONNECT""]"
67596,1.0,"[""ACME"",""QUICK_CONNECT""]"
67597,1.0,"[""ACME"",""QUICK_CONNECT""]"
67599,1.0,"[""ACME"",""QUICK_CONNECT""]"
67600,0.0,"[""ACME"",""QUICK_CONNECT""]"
67606,1.0,"[""ACME"",""QUICK_CONNECT""]"
67608,1.0,"[""ACME"",""QUICK_CONNECT""]"
67609,1.0,"[""QUICK_CONNECT"",""ACME""]"
67610,0.0,"[""ACME"",""QUICK_CONNECT""]"
67611,1.0,"[""ACME"",""QUICK_CONNECT""]"
67612,1.0,"[""ACME"",""QUICK_CONNECT""]"
67613,0.0,"[""ACME"",""QUICK_CONNECT""]"
67614,0.0,"[""ACME"",""QUICK_CONNECT""]"
67617,0.0,"[""QUICK_CONNECT"",""ACME""]"
67618,1.0,"[""ACME"",""QUICK_CONNECT""]"
67619,0.0,"[""ACME"",""QUICK_CONNECT""]"
67622,0.0,"[""ACME"",""QUICK_CONNECT""]"
67624,1.0,"[""QUICK_CONNECT"",""ACME""]"
67625,1.0,"[""ACME"",""QUICK_CONNECT""]"
67626,0.0,"[""ACME"",""QUICK_CONNECT""]"
67627,1.0,"[""ACME"",""QUICK_CONNECT""]"
67628,1.0,"[""ACME"",""QUICK_CONNECT""]"
67629,0.0,"[""ACME"",""QUICK_CONNECT""]"
67630,0.0,"[""ACME"",""QUICK_CONNECT""]"
67631,1.0,"[""ACME"",""QUICK_CONNECT""]"
67633,1.0,"[""ACME"",""QUICK_CONNECT""]"
67634,1.0,"[""ACME"",""QUICK_CONNECT""]"
67636,1.0,"[""ACME"",""QUICK_CONNECT""]"
67637,0.0,"[""ACME"",""QUICK_CONNECT""]"
67639,1.0,"[""ACME"",""QUICK_CONNECT""]"
68021,None,None
68022,1.0,"[""ACME"",""QUICK_CONNECT""]"
68023,0.0,"[""ACME""]"
68046,1.0,"[""ACME"",""QUICK_CONNECT""]"
68047,1.0,"[""ACME"",""QUICK_CONNECT""]"
68048,1.0,"[""ACME"",""QUICK_CONNECT""]"
68049,0.0,"[""ACME"",""QUICK_CONNECT""]"
68050,1.0,"[""ACME"",""QUICK_CONNECT""]"
68051,0.0,"[""ACME"",""QUICK_CONNECT""]"
68052,0.0,"[""ACME"",""QUICK_CONNECT""]"
68053,1.0,"[""ACME"",""QUICK_CONNECT""]"
68054,1.0,"[""ACME""]"
68055,1.0,"[""ACME"",""QUICK_CONNECT""]"
68056,0.0,"[""ACME"",""QUICK_CONNECT""]"
68057,1.0,"[""ACME"",""QUICK_CONNECT""]"
68058,1.0,"[""ACME"",""QUICK_CONNECT""]"
68059,0.0,"[""ACME"",""QUICK_CONNECT""]"
68060,1.0,"[""ACME"",""QUICK_CONNECT""]"
68061,0.0,"[""ACME"",""QUICK_CONNECT""]"
68062,1.0,"[""ACME"",""QUICK_CONNECT""]"
68063,1.0,"[""ACME"",""QUICK_CONNECT""]"
68065,0.0,"[""ACME"",""QUICK_CONNECT""]"
68066,1.0,"[""ACME"",""QUICK_CONNECT""]"
68067,1.0,"[""ACME"",""QUICK_CONNECT""]"
68068,0.0,"[""ACME"",""QUICK_CONNECT""]"
68069,1.0,"[""ACME"",""QUICK_CONNECT""]"
68071,1.0,"[""ACME"",""QUICK_CONNECT""]"
68072,1.0,"[""ACME"",""QUICK_CONNECT""]"
68073,0.0,"[""ACME"",""QUICK_CONNECT""]"
68074,1.0,"[""ACME"",""QUICK_CONNECT""]"
68075,1.0,"[""QUICK_CONNECT"",""ACME""]"
68076,0.0,"[""ACME"",""QUICK_CONNECT""]"
68077,0.0,None
68078,1.0,"[""ACME"",""QUICK_CONNECT""]"
68079,0.0,"[""ACME"",""QUICK_CONNECT""]"
68080,1.0,"[""QUICK_CONNECT"",""ACME""]"
68081,1.0,"[""ACME"",""QUICK_CONNECT""]"
68082,0.0,"[""ACME"",""QUICK_CONNECT""]"
68083,1.0,"[""ACME"",""QUICK_CONNECT""]"
68084,0.0,"[""ACME"",""QUICK_CONNECT""]"
68085,0.0,"[""ACME"",""QUICK_CONNECT""]"
68086,0.0,"[""ACME"",""QUICK_CONNECT""]"
68087,1.0,"[""ACME"",""QUICK_CONNECT""]"
68088,1.0,"[""ACME"",""QUICK_CONNECT""]"
68089,0.0,"[""ACME"",""QUICK_CONNECT""]"
68090,1.0,"[""ACME"",""QUICK_CONNECT""]"
68091,0.0,"[""ACME"",""QUICK_CONNECT""]"
68092,1.0,"[""ACME"",""QUICK_CONNECT""]"
68555,None,None
68602,0.0,"[""ACME""]"
68604,1.0,"[""ACME""]"
68616,1.0,"[""ACME""]"
68619,1.0,"[""ACME""]"
68635,0.0,"[""ACME"",""QUICK_CONNECT""]"
68636,1.0,"[""QUICK_CONNECT"",""ACME""]"
68637,0.0,"[""QUICK_CONNECT"",""ACME""]"
68639,1.0,"[""ACME"",""QUICK_CONNECT""]"
68640,1.0,"[""QUICK_CONNECT"",""ACME""]"
68641,0.0,"[""ACME"",""QUICK_CONNECT""]"
68642,1.0,"[""ACME"",""QUICK_CONNECT""]"
68644,1.0,"[""ACME"",""QUICK_CONNECT""]"
68645,1.0,"[""ACME"",""QUICK_CONNECT""]"
68646,0.0,"[""ACME"",""QUICK_CONNECT""]"
68647,1.0,"[""ACME"",""QUICK_CONNECT""]"
68648,1.0,"[""ACME"",""QUICK_CONNECT""]"
68649,0.0,"[""ACME"",""QUICK_CONNECT""]"
68650,1.0,"[""ACME"",""QUICK_CONNECT""]"
68651,1.0,"[""ACME"",""QUICK_CONNECT""]"
68652,0.0,"[""QUICK_CONNECT"",""ACME""]"
68653,1.0,"[""QUICK_CONNECT"",""ACME""]"
68654,1.0,"[""ACME"",""QUICK_CONNECT""]"
68655,0.0,"[""QUICK_CONNECT"",""ACME""]"
68656,1.0,"[""QUICK_CONNECT"",""ACME""]"
68657,1.0,"[""ACME"",""QUICK_CONNECT""]"
68659,1.0,"[""ACME"",""QUICK_CONNECT""]"
68660,1.0,"[""ACME""]"
68662,0.0,"[""QUICK_CONNECT"",""ACME""]"
68663,0.0,None
68664,0.0,None
68665,0.0,"[""ACME"",""QUICK_CONNECT""]"
68667,1.0,"[""QUICK_CONNECT"",""ACME""]"
68668,0.0,"[""QUICK_CONNECT"",""ACME""]"
68670,0.0,"[""QUICK_CONNECT"",""ACME""]"
68671,0.0,None
68672,1.0,"[""ACME"",""QUICK_CONNECT""]"
68673,1.0,"[""ACME"",""QUICK_CONNECT""]"
68674,1.0,"[""ACME"",""QUICK_CONNECT""]"
68675,0.0,"[""ACME"",""QUICK_CONNECT""]"
68676,0.0,"[""ACME"",""QUICK_CONNECT""]"
68677,1.0,"[""QUICK_CONNECT"",""ACME""]"
68678,0.0,"[""QUICK_CONNECT"",""ACME""]"
68679,0.0,"[""QUICK_CONNECT"",""ACME""]"
68681,1.0,"[""ACME"",""QUICK_CONNECT""]"
68682,1.0,"[""ACME"",""QUICK_CONNECT""]"
68683,1.0,"[""ACME"",""QUICK_CONNECT""]"
68684,0.0,"[""ACME"",""QUICK_CONNECT""]"
68685,1.0,"[""QUICK_CONNECT"",""ACME""]"
68686,1.0,"[""ACME"",""QUICK_CONNECT""]"
68687,1.0,"[""ACME"",""QUICK_CONNECT""]"
68688,1.0,"[""ACME"",""QUICK_CONNECT""]"
68689,1.0,"[""ACME"",""QUICK_CONNECT""]"
68690,1.0,"[""ACME"",""QUICK_CONNECT""]"
68691,1.0,"[""ACME"",""QUICK_CONNECT""]"
68692,0.0,"[""QUICK_CONNECT"",""ACME""]"
68693,0.0,"[""QUICK_CONNECT"",""ACME""]"
68695,0.0,"[""ACME"",""QUICK_CONNECT""]"
68697,1.0,"[""ACME"",""QUICK_CONNECT""]"
68698,1.0,"[""ACME"",""QUICK_CONNECT""]"
68699,0.0,"[""ACME"",""QUICK_CONNECT""]"
68700,0.0,"[""QUICK_CONNECT"",""ACME""]"
68701,1.0,"[""ACME"",""QUICK_CONNECT""]"
68702,1.0,"[""QUICK_CONNECT"",""ACME""]"
68703,0.0,"[""ACME"",""QUICK_CONNECT""]"
68704,1.0,"[""QUICK_CONNECT"",""ACME""]"
68705,0.0,"[""ACME"",""QUICK_CONNECT""]"
68706,1.0,"[""QUICK_CONNECT"",""ACME""]"
68707,1.0,"[""ACME"",""QUICK_CONNECT""]"
68708,0.0,"[""ACME"",""QUICK_CONNECT""]"
68709,1.0,"[""ACME"",""QUICK_CONNECT""]"
68710,1.0,"[""ACME"",""QUICK_CONNECT""]"
68711,0.0,"[""ACME"",""QUICK_CONNECT""]"
68712,1.0,"[""QUICK_CONNECT"",""ACME""]"
68713,0.0,"[""QUICK_CONNECT"",""ACME""]"
68714,1.0,"[""ACME"",""QUICK_CONNECT""]"
68715,0.0,"[""QUICK_CONNECT"",""ACME""]"
68716,1.0,"[""QUICK_CONNECT"",""ACME""]"
68717,1.0,"[""QUICK_CONNECT"",""ACME""]"
68718,0.0,"[""QUICK_CONNECT"",""ACME""]"
68719,1.0,"[""QUICK_CONNECT"",""ACME""]"
68720,1.0,"[""ACME"",""QUICK_CONNECT""]"
68721,1.0,"[""ACME"",""QUICK_CONNECT""]"
68722,1.0,"[""ACME"",""QUICK_CONNECT""]"
68723,1.0,"[""ACME"",""QUICK_CONNECT""]"
68724,1.0,"[""ACME"",""QUICK_CONNECT""]"
68725,1.0,"[""ACME"",""QUICK_CONNECT""]"
68726,1.0,"[""ACME"",""QUICK_CONNECT""]"
68727,1.0,"[""QUICK_CONNECT"",""ACME""]"
68728,0.0,"[""ACME"",""QUICK_CONNECT""]"
68729,1.0,"[""QUICK_CONNECT"",""ACME""]"
68730,1.0,"[""QUICK_CONNECT"",""ACME""]"
68732,1.0,"[""QUICK_CONNECT"",""ACME""]"
68733,1.0,"[""QUICK_CONNECT"",""ACME""]"
68734,0.0,"[""QUICK_CONNECT"",""ACME""]"
68735,1.0,"[""QUICK_CONNECT"",""ACME""]"
68736,0.0,"[""ACME"",""QUICK_CONNECT""]"
68737,0.0,"[""QUICK_CONNECT"",""ACME""]"
68738,1.0,"[""QUICK_CONNECT"",""ACME""]"
68739,1.0,"[""QUICK_CONNECT"",""ACME""]"
68740,1.0,"[""ACME"",""QUICK_CONNECT""]"
68741,1.0,"[""QUICK_CONNECT"",""ACME""]"
68742,0.0,"[""ACME"",""QUICK_CONNECT""]"
68743,1.0,"[""ACME"",""QUICK_CONNECT""]"
69028,0.0,"[""QUICK_CONNECT""]"
69614,0.0,"[""ACME""]"
69616,1.0,"[""ACME"",""QUICK_CONNECT""]"
69618,1.0,"[""ACME"",""QUICK_CONNECT""]"
69620,1.0,"[""ACME"",""QUICK_CONNECT""]"
69624,0.0,"[""ACME""]"
69625,0.0,"[""ACME"",""QUICK_CONNECT""]"
69626,0.0,"[""ACME"",""QUICK_CONNECT""]"
69627,0.0,"[""ACME"",""QUICK_CONNECT""]"
69628,1.0,"[""ACME"",""QUICK_CONNECT""]"
69630,0.0,"[""ACME"",""QUICK_CONNECT""]"
69632,1.0,"[""ACME"",""QUICK_CONNECT""]"
69633,1.0,"[""ACME"",""QUICK_CONNECT""]"
69634,1.0,"[""ACME"",""QUICK_CONNECT""]"
69635,1.0,"[""QUICK_CONNECT"",""ACME""]"
69636,1.0,"[""QUICK_CONNECT"",""ACME""]"
69637,0.0,"[""ACME"",""QUICK_CONNECT""]"
69638,1.0,"[""ACME"",""QUICK_CONNECT""]"
69640,1.0,"[""ACME"",""QUICK_CONNECT""]"
69641,0.0,"[""ACME"",""QUICK_CONNECT""]"
69642,1.0,"[""ACME"",""QUICK_CONNECT""]"
69658,1.0,"[""ACME"",""QUICK_CONNECT""]"
69660,0.0,"[""ACME"",""QUICK_CONNECT""]"
69661,1.0,"[""ACME"",""QUICK_CONNECT""]"
69662,1.0,"[""ACME"",""QUICK_CONNECT""]"
69663,1.0,"[""ACME"",""QUICK_CONNECT""]"
69664,1.0,"[""ACME"",""QUICK_CONNECT""]"
69666,0.0,"[""ACME""]"
69667,1.0,"[""ACME"",""QUICK_CONNECT""]"
69668,1.0,"[""QUICK_CONNECT"",""ACME""]"
69669,0.0,"[""ACME"",""QUICK_CONNECT""]"
69670,0.0,"[""ACME"",""QUICK_CONNECT""]"
69671,0.0,"[""ACME"",""QUICK_CONNECT""]"
69672,0.0,"[""ACME"",""QUICK_CONNECT""]"
69673,1.0,"[""ACME"",""QUICK_CONNECT""]"
69674,1.0,"[""ACME"",""QUICK_CONNECT""]"
70127,1.0,"[""ACME"",""QUICK_CONNECT""]"
70128,1.0,"[""ACME"",""QUICK_CONNECT""]"
70129,1.0,None
70130,1.0,"[""ACME""]"
70131,0.0,"[""QUICK_CONNECT""]"
70132,1.0,"[""ACME"",""QUICK_CONNECT""]"
70133,1.0,"[""ACME""]"
70136,1.0,"[""ACME""]"
70137,1.0,"[""ACME""]"
70138,1.0,"[""ACME""]"
70139,1.0,"[""ACME""]"
70141,0.0,"[""ACME""]"
70142,0.0,"[""ACME""]"
70164,1.0,"[""ACME"",""QUICK_CONNECT""]"
70165,1.0,"[""ACME""]"
70166,0.0,"[""ACME"",""QUICK_CONNECT""]"
70167,0.0,"[""ACME"",""QUICK_CONNECT""]"
70168,1.0,"[""ACME"",""QUICK_CONNECT""]"
70169,1.0,"[""ACME"",""QUICK_CONNECT""]"
70170,1.0,"[""ACME"",""QUICK_CONNECT""]"
70171,1.0,"[""ACME"",""QUICK_CONNECT""]"
70172,1.0,"[""ACME"",""QUICK_CONNECT""]"
70173,1.0,"[""ACME"",""QUICK_CONNECT""]"
70174,0.0,"[""ACME"",""QUICK_CONNECT""]"
70175,0.0,"[""ACME"",""QUICK_CONNECT""]"
70176,1.0,"[""QUICK_CONNECT"",""ACME""]"
70177,1.0,"[""ACME"",""QUICK_CONNECT""]"
70178,0.0,None
70179,1.0,"[""ACME"",""QUICK_CONNECT""]"
70180,1.0,"[""ACME"",""QUICK_CONNECT""]"
70181,0.0,"[""QUICK_CONNECT"",""ACME""]"
70182,0.0,"[""QUICK_CONNECT"",""ACME""]"
70183,1.0,"[""ACME"",""QUICK_CONNECT""]"
70184,1.0,"[""ACME"",""QUICK_CONNECT""]"
70185,1.0,"[""ACME"",""QUICK_CONNECT""]"
70186,0.0,"[""QUICK_CONNECT"",""ACME""]"
70187,0.0,"[""ACME"",""QUICK_CONNECT""]"
70188,1.0,"[""ACME"",""QUICK_CONNECT""]"
70189,0.0,"[""ACME"",""QUICK_CONNECT""]"
70190,0.0,"[""ACME"",""QUICK_CONNECT""]"
70191,0.0,"[""QUICK_CONNECT"",""ACME""]"
70192,1.0,"[""ACME"",""QUICK_CONNECT""]"
70193,0.0,"[""ACME"",""QUICK_CONNECT""]"
70194,0.0,"[""ACME"",""QUICK_CONNECT""]"
70195,0.0,"[""ACME"",""QUICK_CONNECT""]"
70196,0.0,"[""ACME"",""QUICK_CONNECT""]"
70197,0.0,"[""ACME"",""QUICK_CONNECT""]"
70199,1.0,"[""ACME"",""QUICK_CONNECT""]"
70200,1.0,"[""ACME"",""QUICK_CONNECT""]"
70201,1.0,"[""ACME"",""QUICK_CONNECT""]"
70202,0.0,"[""ACME"",""QUICK_CONNECT""]"
70203,1.0,"[""ACME"",""QUICK_CONNECT""]"
70204,1.0,"[""ACME"",""QUICK_CONNECT""]"
70205,1.0,"[""ACME"",""QUICK_CONNECT""]"
70206,1.0,"[""ACME"",""QUICK_CONNECT""]"
70207,1.0,"[""ACME"",""QUICK_CONNECT""]"
70208,1.0,"[""ACME"",""QUICK_CONNECT""]"
70209,1.0,"[""ACME"",""QUICK_CONNECT""]"
70210,1.0,"[""ACME"",""QUICK_CONNECT""]"
70211,0.0,"[""ACME"",""QUICK_CONNECT""]"
70212,0.0,"[""ACME"",""QUICK_CONNECT""]"
70213,1.0,"[""ACME"",""QUICK_CONNECT""]"
70214,0.0,"[""ACME"",""QUICK_CONNECT""]"
70215,1.0,"[""ACME"",""QUICK_CONNECT""]"
70216,0.0,"[""ACME"",""QUICK_CONNECT""]"
70217,1.0,"[""ACME"",""QUICK_CONNECT""]"
70218,1.0,"[""ACME"",""QUICK_CONNECT""]"
70219,1.0,"[""ACME"",""QUICK_CONNECT""]"
70220,1.0,"[""ACME"",""QUICK_CONNECT""]"
70221,1.0,"[""ACME"",""QUICK_CONNECT""]"
70222,0.0,"[""ACME"",""QUICK_CONNECT""]"
70223,1.0,"[""ACME"",""QUICK_CONNECT""]"
70224,1.0,"[""ACME"",""QUICK_CONNECT""]"
70225,1.0,"[""ACME"",""QUICK_CONNECT""]"
70226,1.0,"[""ACME""]"
70227,1.0,"[""ACME"",""QUICK_CONNECT""]"
70228,1.0,"[""ACME"",""QUICK_CONNECT""]"
70229,1.0,"[""ACME"",""QUICK_CONNECT""]"
70230,1.0,"[""ACME"",""QUICK_CONNECT""]"
70231,0.0,"[""ACME""]"
70232,1.0,"[""ACME"",""QUICK_CONNECT""]"
70853,1.0,"[""ACME""]"
70854,1.0,"[""ACME"",""QUICK_CONNECT""]"
70855,1.0,"[""ACME""]"
70856,1.0,"[""ACME""]"
70857,1.0,"[""ACME""]"
70858,1.0,"[""ACME""]"
70893,1.0,"[""ACME"",""QUICK_CONNECT""]"
70896,0.0,"[""ACME"",""QUICK_CONNECT""]"
70897,1.0,"[""ACME"",""QUICK_CONNECT""]"
70898,0.0,"[""ACME"",""QUICK_CONNECT""]"
70899,0.0,"[""ACME"",""QUICK_CONNECT""]"
70900,1.0,"[""ACME"",""QUICK_CONNECT""]"
70901,1.0,"[""ACME"",""QUICK_CONNECT""]"
70902,1.0,"[""ACME"",""QUICK_CONNECT""]"
70904,0.0,"[""ACME"",""QUICK_CONNECT""]"
70905,1.0,"[""QUICK_CONNECT"",""ACME""]"
70906,0.0,"[""QUICK_CONNECT"",""ACME""]"
70907,1.0,"[""ACME"",""QUICK_CONNECT""]"
70908,1.0,"[""ACME"",""QUICK_CONNECT""]"
70909,1.0,"[""QUICK_CONNECT"",""ACME""]"
70910,0.0,"[""ACME"",""QUICK_CONNECT""]"
70911,1.0,"[""QUICK_CONNECT"",""ACME""]"
70912,1.0,"[""QUICK_CONNECT"",""ACME""]"
70913,0.0,"[""QUICK_CONNECT"",""ACME""]"
70914,1.0,"[""ACME"",""QUICK_CONNECT""]"
70915,1.0,"[""QUICK_CONNECT"",""ACME""]"
70916,0.0,"[""ACME"",""QUICK_CONNECT""]"
70917,0.0,"[""ACME"",""QUICK_CONNECT""]"
70918,0.0,"[""ACME"",""QUICK_CONNECT""]"
70919,0.0,"[""ACME"",""QUICK_CONNECT""]"
70920,0.0,"[""ACME"",""QUICK_CONNECT""]"
70922,1.0,"[""ACME"",""QUICK_CONNECT""]"
70923,1.0,"[""ACME"",""QUICK_CONNECT""]"
70924,0.0,"[""ACME"",""QUICK_CONNECT""]"
71013,1.0,"[""ACME"",""QUICK_CONNECT""]"
71279,None,None
71347,1.0,"[""ACME"",""QUICK_CONNECT""]"
71434,0.0,"[""ACME""]"
71436,1.0,"[""ACME"",""QUICK_CONNECT""]"
71448,0.0,"[""ACME"",""QUICK_CONNECT""]"
71449,1.0,"[""ACME"",""QUICK_CONNECT""]"
71450,1.0,"[""ACME"",""QUICK_CONNECT""]"
71451,0.0,"[""ACME"",""QUICK_CONNECT""]"
71452,1.0,"[""ACME"",""QUICK_CONNECT""]"
71453,1.0,"[""ACME"",""QUICK_CONNECT""]"
71454,1.0,"[""ACME"",""QUICK_CONNECT""]"
71455,1.0,"[""ACME"",""QUICK_CONNECT""]"
71456,1.0,"[""ACME"",""QUICK_CONNECT""]"
71457,1.0,"[""ACME"",""QUICK_CONNECT""]"
71458,1.0,"[""ACME"",""QUICK_CONNECT""]"
71913,None,"[""ACME""]"
71962,0.0,None
71963,0.0,None
71966,0.0,"[""ACME""]"
71971,0.0,"[""ACME""]"
71972,0.0,None
71974,0.0,"[""ACME""]"
71979,0.0,"[""ACME""]"
71985,0.0,None
71989,0.0,"[""ACME""]"
71995,0.0,"[""ACME""]"
71996,0.0,None
71997,0.0,"[""ACME""]"
72003,1.0,"[""ACME""]"
72004,1.0,"[""ACME""]"
72601,1.0,"[""ACME""]"
72602,1.0,"[""ACME""]"
72627,1.0,"[""ACME""]"
73272,None,"[""QUICK_CONNECT""]"
73283,None,None
73284,None,"[""QUICK_CONNECT""]"
73628,1.0,"[""ACME"",""QUICK_CONNECT""]"
73633,None,None
73634,None,None
73635,None,None
73636,None,None
73637,0.0,"[""ACME""]"
73654,1.0,"[""ACME""]"
73655,0.0,"[""ACME""]"
73656,0.0,"[""ACME""]"
73692,1.0,"[""ACME"",""QUICK_CONNECT""]"
73693,1.0,"[""ACME"",""QUICK_CONNECT""]"
73713,0.0,"[""ACME""]"
73905,1.0,"[""ACME"",""QUICK_CONNECT""]"
74081,None,"[""ACME""]"
74093,1.0,"[""ACME"",""QUICK_CONNECT""]"
74094,1.0,"[""ACME"",""QUICK_CONNECT""]"
74229,1.0,"[""ACME""]"
74244,1.0,"[""ACME"",""QUICK_CONNECT""]"
74264,0.0,"[""ACME""]"
74265,0.0,None
74322,1.0,"[""ACME""]"
74324,1.0,"[""ACME""]"
74475,0.0,None
74476,0.0,None
74477,0.0,None
74478,0.0,None
74479,0.0,None
74480,0.0,None
74484,0.0,None
74485,0.0,None
74486,None,None
74487,0.0,None
74488,0.0,None
74489,0.0,None
74491,0.0,None
74492,0.0,None
74493,0.0,None
74494,0.0,None
74495,0.0,None
74496,0.0,None
74497,0.0,None
74498,0.0,None
74499,0.0,None
74500,0.0,None
74501,0.0,None
74502,0.0,None
74503,0.0,None
74504,0.0,None
74505,0.0,None
74506,0.0,None
74507,0.0,None
74508,0.0,None
74509,0.0,None
74510,0.0,None
74511,0.0,None
74512,0.0,None
74513,0.0,None
74514,0.0,None
74515,0.0,None
74516,0.0,None
74517,0.0,None
74518,0.0,None
74519,0.0,None
74520,0.0,None
74521,0.0,None
74522,0.0,None
74523,0.0,None
74524,0.0,None
74525,0.0,None
74526,0.0,None
74527,0.0,None
74528,0.0,None
74529,0.0,None
74901,0.0,None
75105,1.0,"[""ACME"",""QUICK_CONNECT""]"
75384,1.0,"[""ACME""]"
75426,1.0,"[""ACME""]"
75473,1.0,"[""ACME""]"
75474,None,None
75475,1.0,"[""ACME""]"
75611,1.0,"[""ACME""]"
75622,1.0,"[""ACME"",""QUICK_CONNECT""]"
75660,1.0,"[""QUICK_CONNECT""]"
75802,None,"[""ACME""]"
75960,1.0,"[""ACME""]"
76425,None,"[""QUICK_CONNECT""]"
76990,1.0,"[""ACME""]"
77072,1.0,"[""ACME""]"
77073,1.0,"[""ACME""]"
77075,1.0,"[""ACME""]"
77077,1.0,"[""ACME""]"
77078,1.0,"[""ACME""]"
77079,1.0,"[""ACME""]"
77080,1.0,"[""ACME""]"
77081,1.0,"[""ACME""]"
77083,1.0,"[""ACME""]"
77084,1.0,"[""ACME""]"
77085,1.0,"[""ACME""]"
77336,None,None
77386,1.0,"[""QUICK_CONNECT""]"
77751,None,None
77859,1.0,"[""ACME"",""QUICK_CONNECT""]"
78274,1.0,"[""ACME""]"
78367,0.0,None
78541,1.0,"[""ACME"",""QUICK_CONNECT""]"
78596,1.0,"[""ACME""]"
78772,1.0,"[""ACME"",""QUICK_CONNECT""]"
78864,1.0,"[""ACME"",""QUICK_CONNECT""]"
78866,1.0,"[""QUICK_CONNECT""]"
78867,1.0,"[""QUICK_CONNECT""]"
78868,1.0,"[""QUICK_CONNECT""]"
78885,1.0,"[""ACME""]"
78886,1.0,"[""ACME""]"
78887,1.0,"[""ACME""]"
79110,0.0,"[""QUICK_CONNECT""]"
79112,1.0,"[""ACME"",""QUICK_CONNECT""]"
79114,0.0,"[""QUICK_CONNECT""]"
79115,0.0,"[""ACME""]"
79118,0.0,"[""QUICK_CONNECT""]"
79120,1.0,"[""QUICK_CONNECT""]"
79121,0.0,"[""ACME"",""QUICK_CONNECT""]"
79127,None,"[""QUICK_CONNECT""]"
79128,None,None
79130,None,None
79131,None,"[""QUICK_CONNECT""]"
79132,None,"[""QUICK_CONNECT""]"
79134,None,"[""QUICK_CONNECT""]"
79168,None,"[""QUICK_CONNECT""]"
79169,1.0,"[""QUICK_CONNECT""]"
79170,0.0,"[""ACME""]"
79171,0.0,"[""ACME"",""QUICK_CONNECT""]"
79467,1.0,"[""ACME"",""QUICK_CONNECT""]"
79468,1.0,"[""ACME"",""QUICK_CONNECT""]"
79469,1.0,"[""ACME""]"
79471,1.0,"[""ACME""]"
79473,1.0,"[""ACME"",""QUICK_CONNECT""]"
79738,None,None
79930,None,None
79931,None,None
79932,None,None
80489,None,None
80808,None,"[""QUICK_CONNECT""]"
80880,1.0,"[""QUICK_CONNECT""]"
80881,1.0,"[""QUICK_CONNECT""]"
80882,1.0,"[""QUICK_CONNECT""]"
80883,1.0,"[""QUICK_CONNECT""]"
81122,None,"[""ACME""]"
81376,1.0,"[""ACME"",""QUICK_CONNECT""]"
81377,1.0,"[""ACME"",""QUICK_CONNECT""]"
81565,1.0,"[""ACME"",""QUICK_CONNECT""]"
81566,1.0,"[""ACME"",""QUICK_CONNECT""]"
81567,0.0,"[""ACME"",""QUICK_CONNECT""]"
81570,0.0,None
81571,0.0,None
81572,0.0,None
81573,None,"[""ACME""]"
81574,0.0,None
81575,0.0,None
81576,0.0,None
81579,0.0,None
81580,0.0,None
81581,0.0,None
81820,1.0,"[""ACME"",""QUICK_CONNECT""]"
81847,0.0,"[""ACME""]"
82299,1.0,"[""ACME"",""QUICK_CONNECT""]"
82300,1.0,"[""ACME"",""QUICK_CONNECT""]"
82356,1.0,"[""ACME"",""QUICK_CONNECT""]"
82367,None,"[""ACME""]"
82369,1.0,"[""ACME""]"
85465,1.0,"[""QUICK_CONNECT""]"
85736,0.0,"[""ACME""]"
85737,0.0,"[""ACME""]"
85738,0.0,"[""ACME""]"
85788,0.0,"[""ACME""]"
86026,1.0,"[""ACME""]"
86046,1.0,"[""ACME""]"
86049,0.0,"[""ACME""]"
86050,1.0,"[""ACME""]"
86051,1.0,"[""ACME""]"
86052,1.0,"[""ACME""]"
86053,1.0,"[""ACME""]"
86054,0.0,"[""ACME""]"
86070,1.0,"[""QUICK_CONNECT""]"
86072,0.0,"[""ACME""]"
86074,0.0,"[""ACME""]"
86076,0.0,"[""ACME""]"
86078,1.0,"[""ACME""]"
86891,0.0,None
87964,None,None
87967,None,None
87968,None,None
87969,None,None
88360,1.0,"[""ACME"",""QUICK_CONNECT""]"
88455,1.0,"[""ACME""]"
88456,0.0,"[""ACME""]"
88457,0.0,None
88458,0.0,"[""ACME""]"
88459,0.0,"[""ACME""]"
88462,1.0,"[""ACME""]"
88463,0.0,"[""ACME""]"
88464,1.0,"[""ACME""]"
88465,0.0,"[""ACME""]"
88466,1.0,"[""ACME""]"
88469,1.0,"[""ACME""]"
88470,1.0,None
88471,0.0,"[""ACME""]"
88472,0.0,None
88477,0.0,None
88509,0.0,"[""ACME""]"
88813,1.0,"[""ACME"",""QUICK_CONNECT""]"
89923,1.0,"[""ACME"",""QUICK_CONNECT""]"
91695,1.0,"[""ACME""]"
91704,1.0,"[""ACME"",""QUICK_CONNECT""]"
91894,0.0,"[""ACME""]"
91909,1.0,"[""ACME"",""QUICK_CONNECT""]"
91941,1.0,"[""ACME"",""QUICK_CONNECT""]"
91981,1.0,"[""ACME""]"
92005,1.0,"[""ACME""]"
92102,1.0,"[""ACME"",""QUICK_CONNECT""]"
92103,1.0,"[""ACME"",""QUICK_CONNECT""]"
92104,1.0,"[""ACME"",""QUICK_CONNECT""]"
94703,1.0,"[""ACME"",""QUICK_CONNECT""]"
94724,None,None
94779,None,"[""QUICK_CONNECT""]"
96773,0.0,"[""ACME""]"
96854,1.0,"[""ACME"",""QUICK_CONNECT""]"
96855,1.0,"[""ACME"",""QUICK_CONNECT""]"
96895,0.0,"[""ACME""]"
96939,1.0,"[""ACME"",""QUICK_CONNECT""]"
96940,1.0,"[""ACME"",""QUICK_CONNECT""]"
96941,0.0,"[""ACME""]"
96942,0.0,"[""ACME""]"
96943,0.0,"[""ACME""]"
96944,0.0,"[""ACME""]"
96945,0.0,"[""ACME""]"
97082,None,"[""QUICK_CONNECT""]"
98468,1.0,"[""ACME""]"
98496,1.0,"[""ACME""]"
99363,1.0,"[""ACME""]"
99364,1.0,"[""ACME"",""QUICK_CONNECT""]"
99388,1.0,"[""ACME""]"
99527,0.0,None
99528,0.0,"[""ACME""]"
99529,0.0,"[""ACME""]"
99532,1.0,"[""ACME""]"
99535,1.0,"[""ACME""]"
99639,1.0,"[""ACME""]"
99793,1.0,"[""QUICK_CONNECT""]"
100216,None,None
100217,None,None
100245,1.0,"[""ACME""]"
100246,0.0,"[""ACME""]"
100250,1.0,"[""ACME""]"
100251,1.0,"[""ACME""]"
100252,1.0,"[""ACME""]"
100253,1.0,"[""ACME""]"
100255,0.0,"[""ACME""]"
100489,0.0,"[""ACME""]"
100490,0.0,"[""ACME""]"
102541,0.0,"[""ACME""]"
102732,0.0,"[""ACME""]"
102734,0.0,"[""ACME""]"
102735,1.0,"[""ACME""]"
102737,1.0,"[""ACME""]"
102742,1.0,"[""ACME""]"
102744,0.0,"[""ACME""]"
103196,1.0,"[""ACME"",""QUICK_CONNECT""]"
103928,1.0,"[""ACME""]"
104295,1.0,"[""ACME""]"
104296,1.0,"[""ACME""]"
104297,1.0,"[""ACME""]"
104298,1.0,"[""ACME""]"
104299,1.0,"[""ACME""]"
104300,1.0,"[""ACME""]"
104391,1.0,"[""QUICK_CONNECT""]"
104392,1.0,"[""QUICK_CONNECT""]"
104393,1.0,"[""QUICK_CONNECT""]"
104410,0.0,"[""ACME"",""QUICK_CONNECT""]"
104893,1.0,"[""QUICK_CONNECT""]"
105262,1.0,"[""ACME"",""QUICK_CONNECT""]"
117077,0.0,"[""ACME""]"
117130,1.0,"[""ACME""]"
117132,None,None
117134,None,"[""QUICK_CONNECT""]"
117137,None,None
117138,None,"[""ACME"",""QUICK_CONNECT""]"
117139,0.0,"[""QUICK_CONNECT""]"
117166,1.0,"[""ACME""]"
117177,1.0,"[""ACME""]"
117178,1.0,"[""ACME"",""QUICK_CONNECT""]"
117212,1.0,"[""ACME""]"
117214,0.0,"[""ACME""]"
117654,None,"[""QUICK_CONNECT""]"
117657,None,"[""QUICK_CONNECT""]"
117659,None,"[""QUICK_CONNECT""]"
117661,None,"[""QUICK_CONNECT""]"
117669,None,"[""QUICK_CONNECT""]"
117671,None,"[""QUICK_CONNECT""]"
117672,None,"[""QUICK_CONNECT""]"
117673,None,"[""QUICK_CONNECT""]"
117674,None,"[""QUICK_CONNECT""]"
117675,None,"[""QUICK_CONNECT""]"
118907,None,None
120830,0.0,"[""ACME""]"
121592,0.0,"[""ACME""]"
121593,1.0,"[""ACME""]"
122603,1.0,"[""ACME""]"
122692,0.0,"[""ACME""]"
122695,0.0,"[""ACME""]"
122696,0.0,"[""ACME""]"
122840,0.0,None
122841,0.0,None
122842,None,None
122843,None,None
122844,0.0,None
122845,None,None
122846,None,None
122847,0.0,None
122848,None,None
122849,None,None
122850,None,None
122851,None,None
122852,1.0,"[""QUICK_CONNECT""]"
122853,None,None
122854,None,None
123689,1.0,"[""ACME"",""QUICK_CONNECT""]"
132977,None,"[""QUICK_CONNECT""]"
143978,1.0,"[""ACME""]"
143979,1.0,"[""ACME""]"
143980,1.0,"[""ACME""]"
143987,1.0,"[""ACME"",""QUICK_CONNECT""]"
143989,1.0,"[""ACME""]"
145056,1.0,"[""ACME"",""QUICK_CONNECT""]"
145329,None,None
145355,1.0,"[""ACME"",""QUICK_CONNECT""]"
145377,0.0,"[""ACME"",""QUICK_CONNECT""]"
146649,0.0,"[""ACME""]"
147099,1.0,"[""QUICK_CONNECT""]"
147443,None,"[""QUICK_CONNECT""]"
147445,None,"[""QUICK_CONNECT""]"
147446,0.0,"[""QUICK_CONNECT""]"
147448,None,"[""QUICK_CONNECT""]"
147614,None,"[""QUICK_CONNECT""]"
147615,None,"[""QUICK_CONNECT""]"
149100,1.0,"[""ACME"",""QUICK_CONNECT""]"
149838,0.0,"[""ACME"",""QUICK_CONNECT""]"
149839,1.0,"[""ACME"",""QUICK_CONNECT""]"
149840,1.0,"[""ACME"",""QUICK_CONNECT""]"
149852,1.0,"[""ACME"",""QUICK_CONNECT""]"
149853,1.0,"[""ACME"",""QUICK_CONNECT""]"
149854,1.0,"[""ACME"",""QUICK_CONNECT""]"
149855,1.0,"[""ACME"",""QUICK_CONNECT""]"
149856,1.0,"[""ACME"",""QUICK_CONNECT""]"
149857,1.0,"[""ACME"",""QUICK_CONNECT""]"
149858,1.0,"[""ACME""]"
149859,1.0,"[""ACME"",""QUICK_CONNECT""]"
149860,1.0,"[""ACME"",""QUICK_CONNECT""]"
149862,1.0,"[""ACME"",""QUICK_CONNECT""]"
149866,1.0,"[""ACME"",""QUICK_CONNECT""]"
149965,1.0,"[""ACME"",""QUICK_CONNECT""]"
150012,1.0,"[""ACME"",""QUICK_CONNECT""]"
150394,None,None
152055,1.0,"[""ACME""]"
152560,0.0,"[""ACME""]"
153083,1.0,"[""ACME"",""QUICK_CONNECT""]"
153580,0.0,"[""ACME"",""QUICK_CONNECT""]"
153581,1.0,"[""ACME""]"
153582,1.0,"[""ACME""]"
153583,1.0,"[""ACME"",""QUICK_CONNECT""]"
153669,1.0,"[""ACME"",""QUICK_CONNECT""]"
153670,1.0,"[""ACME""]"
153671,1.0,"[""ACME""]"
153672,1.0,"[""ACME""]"
153673,1.0,"[""ACME"",""QUICK_CONNECT""]"
153706,None,"[""QUICK_CONNECT""]"
153921,1.0,"[""QUICK_CONNECT""]"
153922,1.0,"[""QUICK_CONNECT""]"
153935,0.0,"[""ACME""]"
153936,1.0,"[""ACME""]"
154442,None,"[""ACME""]"
155442,1.0,"[""ACME"",""QUICK_CONNECT""]"
155443,1.0,"[""ACME""]"
155445,1.0,"[""ACME"",""QUICK_CONNECT""]"
155447,1.0,"[""ACME"",""QUICK_CONNECT""]"
155607,1.0,"[""ACME""]"
155623,None,"[""ACME""]"
155624,None,None
155625,None,None
155626,None,"[""QUICK_CONNECT""]"
155627,None,"[""QUICK_CONNECT""]"
155628,None,None
155639,None,"[""QUICK_CONNECT""]"
155644,None,None
155646,None,None
155647,None,"[""QUICK_CONNECT""]"
155657,1.0,"[""QUICK_CONNECT""]"
155659,None,None
155660,None,"[""QUICK_CONNECT""]"
155665,None,None
155666,None,None
155667,None,None
155668,None,None
155669,1.0,"[""QUICK_CONNECT""]"
155671,None,None
155673,1.0,"[""ACME"",""QUICK_CONNECT""]"
155678,None,None
155688,0.0,"[""QUICK_CONNECT""]"
155689,None,"[""QUICK_CONNECT""]"
156191,1.0,"[""ACME"",""QUICK_CONNECT""]"
163654,1.0,"[""ACME"",""QUICK_CONNECT""]"
163701,1.0,"[""ACME"",""QUICK_CONNECT""]"
164432,0.0,"[""QUICK_CONNECT""]"
164433,1.0,"[""QUICK_CONNECT""]"
165344,1.0,"[""ACME"",""QUICK_CONNECT""]"
165345,1.0,"[""ACME"",""QUICK_CONNECT""]"
165346,1.0,"[""ACME""]"
166860,1.0,"[""QUICK_CONNECT""]"
167933,1.0,"[""ACME"",""QUICK_CONNECT""]"
167947,1.0,"[""ACME""]"
168345,0.0,"[""ACME""]"
168369,1.0,"[""ACME""]"
168370,1.0,"[""ACME""]"
168508,1.0,"[""ACME""]"
170646,1.0,"[""ACME""]"
170650,0.0,"[""ACME""]"
170762,1.0,"[""QUICK_CONNECT""]"
170764,0.0,"[""ACME""]"
170765,0.0,"[""ACME""]"
183502,0.0,"[""QUICK_CONNECT""]"
183503,1.0,"[""ACME""]"
183504,1.0,"[""ACME""]"
183605,1.0,"[""QUICK_CONNECT""]"
183606,1.0,"[""QUICK_CONNECT""]"
183607,1.0,"[""QUICK_CONNECT""]"
183609,1.0,"[""QUICK_CONNECT""]"
183610,1.0,"[""QUICK_CONNECT""]"
183875,1.0,"[""ACME"",""QUICK_CONNECT""]"
183876,1.0,"[""ACME"",""QUICK_CONNECT""]"
183877,1.0,"[""ACME"",""QUICK_CONNECT""]"
183878,1.0,"[""ACME"",""QUICK_CONNECT""]"
184978,1.0,"[""ACME"",""QUICK_CONNECT""]"
185129,1.0,"[""QUICK_CONNECT""]"
187525,None,None
187526,None,None
187527,None,None
187528,None,None
187529,None,None
187531,None,None
187532,None,None
187533,None,None
187536,None,None
187537,None,None
187538,None,None
187539,None,None
187540,None,None
187541,None,None
187542,None,None
187543,1.0,"[""ACME"",""QUICK_CONNECT""]"
187763,None,"[""QUICK_CONNECT""]"
187764,None,None
187799,None,"[""QUICK_CONNECT""]"
188086,0.0,"[""ACME""]"
189848,0.0,"[""QUICK_CONNECT""]"
191414,1.0,"[""QUICK_CONNECT""]"
191417,1.0,"[""QUICK_CONNECT""]"
191418,None,"[""QUICK_CONNECT""]"
191419,None,"[""QUICK_CONNECT""]"
191420,None,"[""QUICK_CONNECT""]"
191422,1.0,"[""QUICK_CONNECT""]"
191423,1.0,"[""QUICK_CONNECT""]"
191424,None,"[""QUICK_CONNECT""]"
192982,1.0,"[""ACME""]"
192983,1.0,"[""ACME""]"
192984,1.0,"[""ACME""]"
192985,1.0,"[""ACME""]"
192986,1.0,"[""ACME""]"
192987,1.0,"[""ACME""]"
192988,1.0,"[""ACME""]"
192989,1.0,"[""ACME""]"
192990,1.0,"[""ACME""]"
193777,1.0,"[""ACME"",""QUICK_CONNECT""]"
193821,1.0,"[""ACME""]"
194127,1.0,"[""ACME""]"
194301,None,None
194592,1.0,"[""ACME""]"
194593,0.0,"[""ACME""]"
195869,None,"[""QUICK_CONNECT""]"
195932,1.0,"[""QUICK_CONNECT""]"
196618,None,None
196621,None,None
196639,None,None
196640,None,None
196641,None,None
196642,None,None
196643,None,None
196644,None,None
196645,None,None
196646,None,None
196647,None,None
196648,None,None
196649,None,None
196650,None,None
196651,None,None
196652,None,None
196653,None,None
196654,None,None
196655,None,None
196656,None,None
197883,None,"[""QUICK_CONNECT""]"
202070,1.0,"[""ACME"",""QUICK_CONNECT""]"
202835,1.0,"[""ACME""]"
202883,1.0,"[""ACME"",""QUICK_CONNECT""]"
203886,1.0,"[""ACME"",""QUICK_CONNECT""]"
204589,1.0,"[""ACME""]"
206549,0.0,"[""QUICK_CONNECT""]"
206725,1.0,"[""ACME"",""QUICK_CONNECT""]"
207475,1.0,"[""ACME"",""QUICK_CONNECT""]"
207476,1.0,"[""ACME"",""QUICK_CONNECT""]"
211873,1.0,"[""ACME"",""QUICK_CONNECT""]"
212252,1.0,"[""ACME"",""QUICK_CONNECT""]"
213032,1.0,"[""ACME"",""QUICK_CONNECT""]"
213657,1.0,"[""ACME""]"
213799,1.0,"[""ACME""]"
213992,1.0,"[""QUICK_CONNECT""]"
222021,1.0,"[""QUICK_CONNECT""]"
222249,1.0,"[""ACME""]"
223592,1.0,"[""QUICK_CONNECT""]"
223595,1.0,"[""QUICK_CONNECT""]"
223596,1.0,"[""QUICK_CONNECT""]"
223598,1.0,"[""QUICK_CONNECT""]"
223599,1.0,"[""QUICK_CONNECT""]"
223600,1.0,"[""QUICK_CONNECT""]"
224837,0.0,"[""ACME""]"
224845,1.0,"[""ACME""]"
225051,1.0,"[""ACME"",""QUICK_CONNECT""]"
225409,1.0,"[""ACME"",""QUICK_CONNECT""]"
225455,1.0,"[""ACME"",""QUICK_CONNECT""]"
225456,1.0,"[""ACME"",""QUICK_CONNECT""]"
225457,1.0,"[""ACME"",""QUICK_CONNECT""]"
225458,1.0,"[""ACME"",""QUICK_CONNECT""]"
225459,1.0,"[""ACME"",""QUICK_CONNECT""]"
225460,1.0,"[""ACME"",""QUICK_CONNECT""]"
225461,1.0,"[""ACME"",""QUICK_CONNECT""]"
225462,1.0,"[""ACME"",""QUICK_CONNECT""]"
225463,1.0,"[""ACME"",""QUICK_CONNECT""]"
225625,1.0,"[""ACME""]"
226851,1.0,"[""QUICK_CONNECT""]"
227160,1.0,"[""QUICK_CONNECT""]"
227567,0.0,"[""ACME""]"
230768,1.0,"[""ACME""]"
233273,0.0,"[""ACME""]"
233274,1.0,"[""ACME"",""QUICK_CONNECT""]"
233331,1.0,"[""ACME""]"
235485,0.0,"[""QUICK_CONNECT""]"
236084,1.0,"[""ACME""]"
236374,1.0,"[""ACME""]"
236380,1.0,"[""ACME"",""QUICK_CONNECT""]"
236960,1.0,"[""ACME""]"
237226,1.0,"[""ACME""]"
238817,1.0,"[""ACME""]"
240997,None,"[""ACME"",""QUICK_CONNECT""]"
250798,1.0,"[""ACME""]"
250799,1.0,"[""ACME""]"
250801,0.0,"[""ACME"",""QUICK_CONNECT""]"
250814,0.0,"[""ACME"",""QUICK_CONNECT""]"
250816,0.0,"[""ACME"",""QUICK_CONNECT""]"
250817,1.0,"[""ACME"",""QUICK_CONNECT""]"
250825,1.0,"[""ACME""]"
250826,0.0,"[""ACME"",""QUICK_CONNECT""]"
250827,0.0,"[""ACME""]"
250828,0.0,"[""ACME"",""QUICK_CONNECT""]"
250829,1.0,"[""ACME"",""QUICK_CONNECT""]"
250830,1.0,"[""ACME"",""QUICK_CONNECT""]"
251206,1.0,"[""ACME"",""QUICK_CONNECT""]"
251207,1.0,"[""ACME"",""QUICK_CONNECT""]"
251208,1.0,"[""ACME"",""QUICK_CONNECT""]"
251209,1.0,"[""ACME"",""QUICK_CONNECT""]"
251210,1.0,"[""ACME"",""QUICK_CONNECT""]"
251211,1.0,"[""ACME"",""QUICK_CONNECT""]"
251212,1.0,"[""ACME"",""QUICK_CONNECT""]"
251745,1.0,"[""ACME"",""QUICK_CONNECT""]"
252124,1.0,"[""ACME"",""QUICK_CONNECT""]"
252125,1.0,"[""ACME"",""QUICK_CONNECT""]"
252126,1.0,"[""ACME"",""QUICK_CONNECT""]"
253903,1.0,"[""ACME""]"
255568,1.0,"[""QUICK_CONNECT""]"
255649,1.0,"[""QUICK_CONNECT""]"
